cell_id,batch,source_file,policy,policy_group,cycle_life,last_qd,early_rows,early_100_coverage,cycle_mapping_verified,C1_rate,switch_soc_pct,C2_rate,QDischarge_early_invalid_n,IR_early_invalid_n,Tavg_early_invalid_n,chargetime_early_invalid_n,QD_isolated_spikes_excluded_n,QDischarge_valid_early_n,QDischarge_mean_2_100,IR_valid_early_n,IR_mean_2_100,Tavg_valid_early_n,Tavg_mean_2_100,chargetime_valid_early_n,chargetime_mean_2_100,QDischarge_slope_2_100,QDischarge_delta_100_2,QDischarge_cycle2,QDischarge_cycle100,chargetime_median_2_100,chargetime_gt100_n,dq_log10_variance,dq_variance_Ah2,dq_valid_grid_n,dq_grid_lengths_equal,dq_voltage_monotonic,main_analysis_eligible,cohort_rule,missing_feature_count,missing_features,quality_flags,record_count,first_qd,first_cycle_below_0_88,Tmax_mean_2_100,chargetime_mean_le100,dq_min_Ah
b1c5,Batch 1,2017-05-12_batchdata_updated_struct_errorcorrect.mat,4.4C(80%)-4.4C,4.4C(80%)-4.4C,1074.0,0.88053626,99,True,True,4.4,80.0,4.4,0,0,0,0,0,99,1.0803274434343435,99,0.016270388575757577,99,30.92149771366389,99,15.07576803030309,1.1228400742114224e-05,0.0036528000000000116,1.0761266,1.0797794,10.91741500000062,1,-4.178877963304522,6.624026126041227e-05,1000,True,True,True,finite_positive_target_and_last_qd_le_0.885,0,,chargetime_gt100_retained:1,1073,0.0,,33.02000678787879,10.955934948979651,-0.025178778949337288
b1c6,Batch 1,2017-05-12_batchdata_updated_struct_errorcorrect.mat,4.8C(80%)-4.8C,4.8C(80%)-4.8C,636.0,0.8800565,99,True,True,4.8,80.0,4.8,0,1,0,0,0,99,1.0809117848484848,98,0.01667571006122449,99,32.27384521945563,99,10.04485760942758,-4.808646876938924e-06,0.003406800000000043,1.0758358,1.0792426,10.008315000000099,0,-3.7688779002277237,0.00017026371292231957,1000,True,True,True,finite_positive_target_and_last_qd_le_0.885,0,,IR_invalid:1,635,0.0,,35.79263145454546,10.04485760942758,-0.03788603931347978
b1c7,Batch 1,2017-05-12_batchdata_updated_struct_errorcorrect.mat,4.8C(80%)-4.8C,4.8C(80%)-4.8C,870.0,0.88110596,99,True,True,4.8,80.0,4.8,0,1,0,0,0,99,1.0969264323232324,98,0.016213918408163264,99,31.990084509217034,99,10.044094528619514,-6.42818800247794e-06,0.0018981000000000137,1.0938644,1.0957625,10.009005000000373,0,-3.8134860773269867,0.00015364340477588736,1000,True,True,True,finite_positive_target_and_last_qd_le_0.885,0,,IR_invalid:1,869,0.0,,35.32269474747474,10.044094528619514,-0.03823338650707442
b1c9,Batch 1,2017-05-12_batchdata_updated_struct_errorcorrect.mat,5.4C(40%)-3.6C,5.4C(40%)-3.6C,1054.0,0.8809284,99,True,True,5.4,40.0,3.6,0,0,0,0,0,99,1.0876998484848484,99,0.01683536523232323,99,32.64153361126789,99,11.241857609427619,1.8204385899806905e-05,0.004656999999999911,1.0829742,1.0876312,11.208363333333303,0,-4.059383677769545,8.72200481780871e-05,1000,True,True,True,finite_positive_target_and_last_qd_le_0.885,0,,ok,1053,0.0,,35.98493365656566,11.241857609427619,-0.028724475696229934
b1c11,Batch 1,2017-05-12_batchdata_updated_struct_errorcorrect.mat,5.4C(50%)-3C,5.4C(50%)-3C,788.0,0.88054359,99,True,True,5.4,50.0,3.0,0,1,0,0,0,99,1.060083885858586,98,0.016200727826530613,99,32.75932260623101,99,11.684114427609464,2.1809402597400947e-05,0.006193300000000068,1.0537786,1.0599719,11.652381666667255,0,-4.146896530502188,7.130228856858242e-05,1000,True,True,True,finite_positive_target_and_last_qd_le_0.885,0,,IR_invalid:1,787,0.0,,36.23175358585859,11.684114427609464,-0.023691513033622602
b1c14,Batch 1,2017-05-12_batchdata_updated_struct_errorcorrect.mat,5.4C(60%)-3C,5.4C(60%)-3C,880.0,0.8800649,99,True,True,5.4,60.0,3.0,0,0,0,0,0,99,1.0761029171717171,99,0.016975001838383838,99,33.07746279993842,99,14.925935387205387,2.6234124922698223e-05,0.005235500000000171,1.0709661,1.0762016,10.763341666666626,1,-4.046069839990279,8.993529426869348e-05,1000,True,True,True,finite_positive_target_and_last_qd_le_0.885,0,,chargetime_gt100_retained:1,879,0.0,,36.63094507070707,10.794674115646261,-0.0282939556930506
b1c15,Batch 1,2017-05-12_batchdata_updated_struct_errorcorrect.mat,5.4C(60%)-3C,5.4C(60%)-3C,719.0,0.88298881,99,True,True,5.4,60.0,3.0,0,0,0,0,0,99,1.0676568858585858,99,0.016839986434343434,99,33.147720104395674,99,14.92770846801342,2.904936054421284e-05,0.006626100000000079,1.0611236,1.0677497,10.763519999999941,1,-4.017949103167607,9.595130743781206e-05,1000,True,True,True,finite_positive_target_and_last_qd_le_0.885,0,,chargetime_gt100_retained:1,718,0.0,,37.056188636363636,10.795610034013558,-0.02894455469678503
b1c16,Batch 1,2017-05-12_batchdata_updated_struct_errorcorrect.mat,5.4C(60%)-3.6C,5.4C(60%)-3.6C,862.0,0.88096577,99,True,True,5.4,60.0,3.6,0,1,0,0,0,99,1.0864695565656566,98,0.016697524142857145,99,32.41716254671688,99,10.12547436026938,2.3160274582555584e-05,0.005154199999999998,1.0811664,1.0863206,10.09699833333337,0,-4.099413675443745,7.954013514589506e-05,1000,True,True,True,finite_positive_target_and_last_qd_le_0.885,0,,IR_invalid:1,861,0.0,,35.85141423232323,10.12547436026938,-0.027606674842371115
b1c17,Batch 1,2017-05-12_batchdata_updated_struct_errorcorrect.mat,5.4C(60%)-3.6C,5.4C(60%)-3.6C,857.0,0.8832469,99,True,True,5.4,60.0,3.6,0,0,0,0,0,99,1.0771062363636363,99,0.016676227535353534,99,32.088753858534446,99,10.13811205387206,1.7886231292523448e-05,0.004924300000000104,1.072052,1.0769763,10.103795000000051,0,-3.970159451162403,0.00010711259692754453,1000,True,True,True,finite_positive_target_and_last_qd_le_0.885,0,,ok,856,0.0,,35.43276257575758,10.13811205387206,-0.031067967108938555
b1c18,Batch 1,2017-05-12_batchdata_updated_struct_errorcorrect.mat,5.4C(70%)-3C,5.4C(70%)-3C,691.0,0.88114411,99,True,True,5.4,70.0,3.0,1,0,0,0,1,98,1.068100106122449,99,0.018004754414141413,99,31.831057275618022,99,9.925956313131316,-4.754075940036315e-05,-0.0016430999999998974,1.0661705,1.0645274,9.957751666666688,0,-3.650080545153841,0.00022383059792099492,1000,True,True,True,finite_positive_target_and_last_qd_le_0.885,0,,QD_audited_spike_removed:cycle40,690,0.0,,35.415118353535355,9.925956313131316,-0.04413321540827286
b1c19,Batch 1,2017-05-12_batchdata_updated_struct_errorcorrect.mat,5.4C(70%)-3C,5.4C(70%)-3C,788.0,0.88093972,99,True,True,5.4,70.0,3.0,0,0,0,0,0,99,1.0883684717171715,99,0.01632486908080808,99,33.044085397077396,99,9.930255336700304,-1.0355845392700724e-05,0.0019703999999998167,1.0851147,1.0870851,9.957913333333272,0,-3.6199068274368353,0.00023993476144574294,1000,True,True,True,finite_positive_target_and_last_qd_le_0.885,0,,ok,787,0.0,,36.83902758585858,9.930255336700304,-0.04589269342650848
b1c20,Batch 1,2017-05-12_batchdata_updated_struct_errorcorrect.mat,5.4C(80%)-5.4C,5.4C(80%)-5.4C,534.0,0.88078493,99,True,True,5.4,80.0,5.4,0,1,0,0,0,99,1.0698410858585858,98,0.015210366091836734,99,32.15292201754506,99,9.027207626262616,-0.00013977618181817777,-0.011382199999999898,1.07263,1.0612478,9.006340000000394,0,-3.367237410245857,0.00042930168171296525,1000,True,True,True,finite_positive_target_and_last_qd_le_0.885,0,,IR_invalid:1,533,0.0,,34.92834715151515,9.027207626262616,-0.06358042689660326
b1c21,Batch 1,2017-05-12_batchdata_updated_struct_errorcorrect.mat,5.4C(80%)-5.4C,5.4C(80%)-5.4C,559.0,0.88016534,99,True,True,5.4,80.0,5.4,0,1,0,0,0,99,1.082226497979798,98,0.015090236234693875,99,33.13697371135653,99,8.987271380471347,-8.178444155844591e-05,-0.005709699999999929,1.0824388,1.0767291,8.985736666666586,0,-3.3503380515995875,0.00044633603224653485,1000,True,True,True,finite_positive_target_and_last_qd_le_0.885,0,,IR_invalid:1,558,0.0,,36.94892544444444,8.987271380471347,-0.06472026276575493
b1c23,Batch 1,2017-05-12_batchdata_updated_struct_errorcorrect.mat,6C(30%)-3.6C,6C(30%)-3.6C,1014.0,0.88066453,99,True,True,6.0,30.0,3.6,0,0,0,0,0,99,1.0824610575757576,99,0.016824002585858585,99,31.99077454717494,99,11.458691784511789,-6.950910327772603e-06,0.0023974999999998303,1.0792934,1.0816909,11.430255000000004,0,-4.0407936433278895,9.103457241110652e-05,1000,True,True,True,finite_positive_target_and_last_qd_le_0.885,0,,ok,1013,0.0,,34.8727843939394,11.458691784511789,-0.029953516931757296
b1c24,Batch 1,2017-05-12_batchdata_updated_struct_errorcorrect.mat,6C(40%)-3C,6C(40%)-3C,1017.0,0.88046598,99,True,True,6.0,40.0,3.0,0,0,0,0,0,99,1.0780331868686868,99,0.016587448888888887,99,33.378063951824195,99,12.128487205387225,2.024258503403737e-06,0.0030958999999999293,1.0745355,1.0776314,12.098313333333742,0,-3.938662523656534,0.00011516949866350308,1000,True,True,True,finite_positive_target_and_last_qd_le_0.885,0,,ok,1016,0.0,,36.866496545454545,12.128487205387225,-0.03184213409789827
b1c25,Batch 1,2017-05-12_batchdata_updated_struct_errorcorrect.mat,6C(40%)-3C,6C(40%)-3C,854.0,0.88019997,99,True,True,6.0,40.0,3.0,0,0,0,0,0,99,1.078847887878788,99,0.0165961417979798,99,33.848557073949294,99,12.137498080808081,5.12931354361571e-07,0.0028093000000000146,1.0752345,1.0780438,12.09737499999998,0,-4.027888820540259,9.378020536805894e-05,1000,True,True,True,finite_positive_target_and_last_qd_le_0.885,0,,ok,853,0.0,,37.990239878787875,12.137498080808081,-0.02944117289056547
b1c26,Batch 1,2017-05-12_batchdata_updated_struct_errorcorrect.mat,6C(40%)-3.6C,6C(40%)-3.6C,870.0,0.88105017,99,True,True,6.0,40.0,3.6,0,0,0,0,0,99,1.0905742878787879,99,0.016285491838383837,99,33.15641406115227,99,10.800664208754247,-1.521046134818085e-05,0.0017199000000001075,1.0876514,1.0893713,10.765060000000327,0,-3.7952199967853435,0.00016024334542563112,1000,True,True,True,finite_positive_target_and_last_qd_le_0.885,0,,ok,869,0.0,,36.41381293939394,10.800664208754247,-0.03835445363245393
b1c27,Batch 1,2017-05-12_batchdata_updated_struct_errorcorrect.mat,6C(40%)-3.6C,6C(40%)-3.6C,842.0,0.88130057,99,True,True,6.0,40.0,3.6,0,0,0,0,0,99,1.0820360393939392,99,0.01609890666666667,99,33.89497000372245,99,10.803712340067367,-1.0758799010519626e-05,0.0019765000000000477,1.0790461,1.0810226,10.763831666666677,0,-3.8537032000559392,0.00014005441374332457,1000,True,True,True,finite_positive_target_and_last_qd_le_0.885,0,,ok,841,0.0,,37.51131004040404,10.803712340067367,-0.03583211964634625
b1c28,Batch 1,2017-05-12_batchdata_updated_struct_errorcorrect.mat,6C(50%)-3C,6C(50%)-3C,860.0,0.88058227,99,True,True,6.0,50.0,3.0,0,0,0,0,0,99,1.0806956292929293,99,0.01668003754545454,99,33.773800525042,99,11.138253585858592,-7.726680272115018e-06,0.0019471999999998157,1.0777475,1.0796947,11.178876666666474,0,-3.844711807496199,0.00014298424697322437,1000,True,True,True,finite_positive_target_and_last_qd_le_0.885,0,,ok,859,0.0,,37.491157878787874,11.138253585858592,-0.03721348031974192
b1c29,Batch 1,2017-05-12_batchdata_updated_struct_errorcorrect.mat,6C(50%)-3C,6C(50%)-3C,917.0,0.88035375,99,True,True,6.0,50.0,3.0,0,0,0,0,0,99,1.0827828212121215,99,0.016545523626262625,99,32.70415601771739,99,11.151875336700314,-5.212719851575346e-06,0.0023569999999999425,1.0794537,1.0818107,11.179469999999856,0,-3.8382817049630766,0.0001451170011316565,1000,True,True,True,finite_positive_target_and_last_qd_le_0.885,0,,ok,916,0.0,,35.39940990909091,11.151875336700314,-0.036868449881918286
b1c30,Batch 1,2017-05-12_batchdata_updated_struct_errorcorrect.mat,6C(50%)-3.6C,6C(50%)-3.6C,709.0,0.88054287,99,True,True,6.0,50.0,3.6,0,0,0,0,0,99,1.0828237171717172,99,0.01600942625252525,99,33.54008830692456,99,10.124524292929316,-1.6368218923929572e-05,0.0015437000000000367,1.0798637,1.0814074,10.09681166666669,0,-3.744699217898308,0.00018001172021664107,1000,True,True,True,finite_positive_target_and_last_qd_le_0.885,0,,ok,708,0.0,,36.797617333333335,10.124524292929316,-0.04081538502439652
b1c31,Batch 1,2017-05-12_batchdata_updated_struct_errorcorrect.mat,6C(50%)-3.6C,6C(50%)-3.6C,876.0,0.88099223,99,True,True,6.0,50.0,3.6,0,0,0,0,0,99,1.097068405050505,99,0.016865566141414143,99,30.375396745150564,99,10.126957558922545,-2.62010822510796e-05,0.0007101999999998831,1.0946392,1.0953494,10.096814999999818,0,-3.777732624088043,0.00016682739789842456,1000,True,True,True,finite_positive_target_and_last_qd_le_0.885,0,,ok,875,0.0,,30.709141161616163,10.126957558922545,-0.03947820648424727
b1c32,Batch 1,2017-05-12_batchdata_updated_struct_errorcorrect.mat,6C(60%)-3C,6C(60%)-3C,731.0,0.88080907,99,True,True,6.0,60.0,3.0,0,0,0,0,0,99,1.0806714494949494,99,0.016167064252525253,99,33.08050304573434,99,10.129902676767715,-1.2776272108848686e-05,0.001543800000000095,1.0778366,1.0793804,10.096439999999953,0,-3.6464634970703615,0.00022570256930208902,1000,True,True,True,finite_positive_target_and_last_qd_le_0.885,0,,ok,730,0.0,,36.23561784848484,10.129902676767715,-0.04556628526257467
b1c33,Batch 1,2017-05-12_batchdata_updated_struct_errorcorrect.mat,6C(60%)-3C,6C(60%)-3C,757.0,0.88011229,99,True,True,6.0,60.0,3.0,0,0,0,0,0,99,1.0954916464646465,99,0.016483775656565655,99,33.67169761442224,99,10.129993047138067,-2.1812165739027016e-05,0.0012749000000000787,1.0924908,1.0937657,10.096583333333305,0,-3.6670575975866413,0.00021524962445427153,1000,True,True,True,finite_positive_target_and_last_qd_le_0.885,0,,ok,756,0.0,,37.731304424242424,10.129993047138067,-0.044901781211682756
b1c34,Batch 1,2017-05-12_batchdata_updated_struct_errorcorrect.mat,7C(30%)-3.6C,7C(30%)-3.6C,742.0,0.88205445,99,True,True,7.0,30.0,3.6,0,0,0,0,0,99,1.0800699888888887,99,0.01685519708080808,99,32.66455167507311,99,11.035507962962974,-3.129647495333547e-07,0.0028013000000000066,1.0766174,1.0794187,11.001284999999916,0,-3.848616157008837,0.00014170456557429945,1000,True,True,True,finite_positive_target_and_last_qd_le_0.885,0,,ok,741,0.0,,36.08252629292929,11.035507962962974,-0.037218141748807665
b1c35,Batch 1,2017-05-12_batchdata_updated_struct_errorcorrect.mat,7C(30%)-3.6C,7C(30%)-3.6C,703.0,0.8802399,99,True,True,7.0,30.0,3.6,0,0,0,0,0,99,1.0745076737373735,99,0.016967092292929295,99,32.09733437854189,99,11.036444074074083,3.195320964752807e-06,0.0032472000000001167,1.0707464,1.0739936,11.001281666666667,0,-3.7726058155960294,0.00016880845085747467,1000,True,True,True,finite_positive_target_and_last_qd_le_0.885,0,,ok,702,0.0,,34.87752171717172,11.036444074074083,-0.039152034335048436
b1c36,Batch 1,2017-05-12_batchdata_updated_struct_errorcorrect.mat,7C(40%)-3C,7C(40%)-3C,704.0,0.88231802,99,True,True,7.0,40.0,3.0,0,0,0,0,0,99,1.0812765595959595,99,0.016437746262626264,99,32.04688205693082,99,11.554803670033683,-7.183043908475764e-06,0.0024096000000000117,1.0778315,1.0802411,11.52468333333333,0,-3.6695013425959444,0.00021404183097836082,1000,True,True,True,finite_positive_target_and_last_qd_le_0.885,0,,ok,703,0.0,,33.970878757575754,11.554803670033683,-0.044621405961221994
b1c37,Batch 1,2017-05-12_batchdata_updated_struct_errorcorrect.mat,7C(40%)-3C,7C(40%)-3C,648.0,0.88336319,99,True,True,7.0,40.0,3.0,0,0,0,0,0,99,1.0780300424242424,99,0.01654642202020202,99,32.95969887229894,99,11.561455202020227,-9.680958565245865e-06,0.0019871000000000194,1.0748194,1.0768065,11.524764999999995,0,-3.673938893314921,0.00021186592167101386,1000,True,True,True,finite_positive_target_and_last_qd_le_0.885,0,,ok,647,0.0,,36.05156987878787,11.561455202020227,-0.044544784957630146
b1c38,Batch 1,2017-05-12_batchdata_updated_struct_errorcorrect.mat,7C(40%)-3.6C,7C(40%)-3.6C,617.0,0.88110942,99,True,True,7.0,40.0,3.6,0,0,0,0,0,99,1.075801506060606,99,0.01621205696969697,99,33.69474656343401,99,10.23158840067342,-9.43712430427038e-06,0.002024100000000084,1.0729513,1.0749754,10.193719999999969,0,-3.4330481735466756,0.00036893667248310104,1000,True,True,True,finite_positive_target_and_last_qd_le_0.885,0,,ok,616,0.0,,37.29856363636363,10.23158840067342,-0.05641559694699583
b1c39,Batch 1,2017-05-12_batchdata_updated_struct_errorcorrect.mat,7C(40%)-3.6C,7C(40%)-3.6C,625.0,0.88011074,99,True,True,7.0,40.0,3.6,0,0,0,0,0,99,1.085658998989899,99,0.016691104555555555,99,33.50643317156701,99,10.242025976430945,-3.294477427340171e-06,0.0029856000000001437,1.0817773,1.0847629,10.274616666666892,0,-3.5045337204530713,0.0003129437479421444,1000,True,True,True,finite_positive_target_and_last_qd_le_0.885,0,,ok,624,0.0,,37.403860242424244,10.242025976430945,-0.053143954091811496
b1c40,Batch 1,2017-05-12_batchdata_updated_struct_errorcorrect.mat,8C(15%)-3.6C,8C(15%)-3.6C,966.0,0.88060951,99,True,True,8.0,15.0,3.6,0,0,0,0,0,99,1.0869299777777777,99,0.01667927321212121,99,33.45968416375564,99,12.087224326599337,-8.20486332715938e-06,0.0024324000000000012,1.0833029,1.0857353,12.054698333333363,0,-4.0552127051547355,8.806174658415387e-05,1000,True,True,True,finite_positive_target_and_last_qd_le_0.885,0,,ok,965,0.0,,37.756139949494944,12.087224326599337,-0.02909570881628587
b1c41,Batch 1,2017-05-12_batchdata_updated_struct_errorcorrect.mat,8C(15%)-3.6C,8C(15%)-3.6C,1051.0,0.88106161,99,True,True,8.0,15.0,3.6,0,0,0,0,0,99,1.082886786868687,99,0.016744890505050507,99,33.07332253245542,99,12.091290892255918,-1.3855287570256206e-07,0.0032071999999998546,1.0789614,1.0821686,12.054646666666182,0,-4.071513969179501,8.48176100238975e-05,1000,True,True,True,finite_positive_target_and_last_qd_le_0.885,0,,ok,1050,0.0,,36.8232453030303,12.091290892255918,-0.02850629135902205
b1c42,Batch 1,2017-05-12_batchdata_updated_struct_errorcorrect.mat,8C(25%)-3.6C,8C(25%)-3.6C,702.0,0.88035142,99,True,True,8.0,25.0,3.6,0,0,0,0,0,99,1.083889183838384,99,0.01671562283838384,99,33.58506724391689,99,11.178124326599383,2.113598021033933e-06,0.0034095999999999016,1.0798725,1.0832821,11.138530000000417,0,-3.6658557852690015,0.00021584610431745794,1000,True,True,True,finite_positive_target_and_last_qd_le_0.885,0,,ok,701,0.0,,37.673212,11.178124326599383,-0.04470964572873015
b1c43,Batch 1,2017-05-12_batchdata_updated_struct_errorcorrect.mat,8C(25%)-3.6C,8C(25%)-3.6C,651.0,0.88044435,99,True,True,8.0,25.0,3.6,0,0,0,0,0,99,1.070522194949495,99,0.016104855565656565,99,33.339782658681436,99,11.17782324915825,-2.401481014224145e-05,0.0005969999999999587,1.0682389,1.0688359,11.138113333333118,0,-3.667779071634814,0.00021489233671107995,1000,True,True,True,finite_positive_target_and_last_qd_le_0.885,0,,ok,650,0.0,,36.82060524242424,11.17782324915825,-0.044605890152637384
b1c44,Batch 1,2017-05-12_batchdata_updated_struct_errorcorrect.mat,8C(35%)-3.6C,8C(35%)-3.6C,616.0,0.88048309,99,True,True,8.0,35.0,3.6,0,0,0,0,0,99,1.0868420717171718,99,0.01741384996969697,99,32.55333216968653,99,10.258049427609434,-3.3615460729745583e-05,-5.8000000000113516e-05,1.0847682,1.0847102,10.22140833333348,0,-3.42070000480644,0.0003795770928016619,1000,True,True,True,finite_positive_target_and_last_qd_le_0.885,0,,ok,615,0.0,,35.79095866666667,10.258049427609434,-0.05879707165403769
b1c45,Batch 1,2017-05-12_batchdata_updated_struct_errorcorrect.mat,8C(35%)-3.6C,8C(35%)-3.6C,599.0,0.88104212,99,True,True,8.0,35.0,3.6,0,0,0,0,0,99,1.0871594505050506,99,0.016674251585858585,99,33.0005473910965,99,10.257274326599303,-1.2920053184917479e-05,0.0018719000000000374,1.0839558,1.0858277,10.221549999999842,0,-3.425292235698853,0.0003755845892835457,1000,True,True,True,finite_positive_target_and_last_qd_le_0.885,0,,ok,598,0.0,,36.69642807070708,10.257274326599303,-0.059403509916114317
b2c0,Batch 2,2018-02-20_batchdata_updated_struct_errorcorrect.mat,5.2C(58%)-4C,5.2C(58%)-4C,477.0,0.82661337,99,True,True,5.2,58.0,4.0,0,0,0,0,0,99,1.105088570707071,99,0.017335808494949492,99,31.808470926230026,99,10.17325806397317,1.3737568336431474e-05,0.003267799999999932,1.1020051,1.1052729,10.173188333333625,0,-3.4872647963011447,0.0003256380937000854,1000,True,True,True,finite_positive_target,0,,ok,496,1.1000807,477.0,35.36620380400637,10.17325806397317,-0.055061277717081025
b2c1,Batch 2,2018-02-20_batchdata_updated_struct_errorcorrect.mat,5.6C(26%)-4.5C,5.6C(26%)-4.5C,491.0,0.82848173,99,True,True,5.6,26.0,4.5,0,0,0,0,0,99,1.1049235595959594,99,0.01755231991919192,99,33.60099815475848,99,10.198514225589118,-3.290422139764397e-05,-0.004240400000000033,1.1057826,1.1015422,10.176856666666572,0,-3.2980513654760366,0.0005034410615908589,1000,True,True,True,finite_positive_target,0,,ok,513,1.1072116,491.0,36.451634705216804,10.198514225589118,-0.0661147205894651
b2c2,Batch 2,2018-02-20_batchdata_updated_struct_errorcorrect.mat,5.2C(50%)-4.25C,5.2C(50%)-4.25C,424.0,0.82700932,99,True,True,5.2,50.0,4.25,0,0,0,0,0,99,1.0746630466666667,99,0.01646109804040404,99,33.17566129490617,99,10.17503702020208,-5.396060358691645e-06,-0.0025500999999998886,1.0753863,1.0728362,10.174891666667342,0,-3.4602483651128177,0.00034653861464528006,1000,True,True,True,finite_positive_target,0,,ok,439,1.0739638,424.0,37.429077970616994,10.17503702020208,-0.052717818544041395
b2c3,Batch 2,2018-02-20_batchdata_updated_struct_errorcorrect.mat,4.65C(44%)-5C,4.65C(44%)-5C,499.0,0.82550967,99,True,True,4.65,44.0,5.0,0,0,0,0,0,99,1.1014852565656565,99,0.01591516953535354,99,33.93805810095692,99,10.173178956229002,7.592857884971752e-05,0.004372700000000007,1.0959566,1.1003293,10.173140000000421,0,-3.496242996974693,0.000318975262145792,1000,True,True,True,finite_positive_target,0,,ok,517,1.0961863,499.0,38.772733971659186,10.173178956229002,-0.05586845261151374
b2c4,Batch 2,2018-02-20_batchdata_updated_struct_errorcorrect.mat,4.65C(69%)-6C,4.65C(69%)-6C,444.0,0.82712674,99,True,True,4.65,69.0,6.0,0,0,0,0,0,99,1.0859254535353535,99,0.016186317888888888,99,33.04820861652687,99,10.231960420875373,-6.742782807669012e-05,-0.008614400000000133,1.0899745,1.0813601,10.229923333332408,0,-3.232506812226559,0.0005854545529657333,1000,True,True,True,finite_positive_target,0,,ok,464,1.0891641,444.0,37.435182660123296,10.231960420875373,-0.07029720690084085
b2c5,Batch 2,2018-02-20_batchdata_updated_struct_errorcorrect.mat,3.6C(30%)-6C,3.6C(30%)-6C,416.0,0.8261537,99,True,True,3.6,30.0,6.0,0,0,0,0,0,99,1.0879375151515152,99,0.015297588929292928,99,33.01307013030371,99,10.198699713804725,-0.00019484917996289103,-0.02290649999999994,1.0989141,1.0760076,10.201064999999168,0,-3.085881724279185,0.0008205749892219913,1000,True,True,True,finite_positive_target,0,,ok,445,1.0967227,416.0,37.65087846482749,10.198699713804725,-0.08615002847927744
b2c6,Batch 2,2018-02-20_batchdata_updated_struct_errorcorrect.mat,3.6C(9%)-5C,3.6C(9%)-5C,393.0,0.82940364,99,True,True,3.6,9.0,5.0,0,0,0,0,0,99,1.0929755737373739,99,0.016037468727272727,99,33.81904518975318,99,10.17931370370378,6.24381335807018e-05,0.002035299999999962,1.0885617,1.090597,10.179401666667157,0,-3.53003968650195,0.00029509395529212125,1000,True,True,True,finite_positive_target,0,,ok,409,1.0867316,393.0,39.79713499833347,10.17931370370378,-0.04987247893740465
b2c7,Batch 2,2018-02-20_batchdata_updated_struct_errorcorrect.mat,4.8C(80%)-4.8C-newstructure,4.8C(80%)-4.8C-newstructure,777.0,0.8264814,99,True,True,4.8,80.0,4.8,0,0,0,0,0,99,1.0930350373737374,99,0.014790622575757575,99,33.769687089746824,99,10.035777525252517,5.346993939393214e-05,0.006792399999999921,1.0904776,1.09727,10.035609999999481,0,-4.231670089905405,5.865835912266468e-05,1000,True,True,True,finite_positive_target,0,,ok,806,1.0877842,777.0,37.14950685044426,10.035777525252517,-0.021737979924043582
b2c8,Batch 2,2018-02-20_batchdata_updated_struct_errorcorrect.mat,5.2C(58%)-4C-newstructure,5.2C(58%)-4C-newstructure,904.0,0.8255862,99,True,True,5.2,58.0,4.0,0,0,0,0,0,99,1.0901590962626262,99,0.016466365090909093,99,33.59868374090274,99,10.03986983164983,-4.8129210760671786e-05,0.00030090000000004835,1.0906329,1.0909338,10.039828333334299,0,-4.10242248030074,7.899098323286501e-05,1000,True,True,True,finite_positive_target,0,,ok,947,1.0904844,904.0,35.674109782051225,10.03986983164983,-0.027841110945332148
b2c9,Batch 2,2018-02-20_batchdata_updated_struct_errorcorrect.mat,5.6C(26%)-4.5C-newstructure,5.6C(26%)-4.5C-newstructure,791.0,0.82610458,99,True,True,5.6,26.0,4.5,0,0,0,0,0,99,1.0975024424242423,99,0.015396235121212121,99,32.3508526526095,99,10.039928501683493,-3.178960420532104e-05,0.00257710000000011,1.0949715,1.0975486,10.040233333333406,0,-4.344425682662564,4.5245388051825846e-05,1000,True,True,True,finite_positive_target,0,,ok,819,1.095485,791.0,33.58605048865401,10.039928501683493,-0.019754152325308416
b2c10,Batch 2,2018-02-20_batchdata_updated_struct_errorcorrect.mat,4.8C(80%)-4.8C,4.8C(80%)-4.8C,492.0,0.82791102,99,True,True,4.8,80.0,4.8,0,0,0,0,0,99,1.1111783965656563,99,0.01705791890909091,99,31.720791269063756,99,10.169499612794551,5.4494455906002766e-05,0.00701509999999983,1.1092782,1.1162933,10.17084500000031,0,-3.4509001132975605,0.00035407876899738185,1000,True,True,True,finite_positive_target,0,,ok,519,1.1081897,492.0,34.35574737651136,10.169499612794551,-0.05580244986198335
b2c11,Batch 2,2018-02-20_batchdata_updated_struct_errorcorrect.mat,5.2C(50%)-4.25C,5.2C(50%)-4.25C,449.0,0.82524824,99,True,True,5.2,50.0,4.25,0,0,0,0,0,99,1.1010659737373738,99,0.01721894155555555,99,33.146477466034135,99,10.173883215488235,0.00011636928385899045,0.012777099999999875,1.0959171,1.1086942,10.173753333333298,0,-3.485393220979881,0.000327044446642087,1000,True,True,True,finite_positive_target,0,,ok,468,1.0964632,449.0,37.95576609273272,10.173883215488235,-0.05489875594719695
b2c12,Batch 2,2018-02-20_batchdata_updated_struct_errorcorrect.mat,4.65C(44%)-5C,4.65C(44%)-5C,466.0,0.82528538,99,True,True,4.65,44.0,5.0,0,0,0,0,0,99,1.104144308080808,99,0.01652292034343434,99,31.314676947956993,99,10.174858552188601,3.124443661100505e-05,0.0049399999999999444,1.1016457,1.1065857,10.174634999999155,0,-3.1679683681509765,0.0006792531042316953,1000,True,True,True,finite_positive_target,0,,ok,493,1.1009463,466.0,33.5953920153671,10.174858552188601,-0.07733124344865683
b2c13,Batch 2,2018-02-20_batchdata_updated_struct_errorcorrect.mat,4.65C(69%)-6C,4.65C(69%)-6C,460.0,0.82574999,99,True,True,4.65,69.0,6.0,0,0,0,0,0,99,1.0949361080808082,99,0.016067178222222225,99,31.946988973926523,99,10.214119579124512,-1.1445944341368896e-05,-0.0002936999999998413,1.0954365,1.0951428,10.21302999999995,0,-3.3444477218838284,0.00045243092034126796,1000,True,True,True,finite_positive_target,0,,ok,483,1.0958186,460.0,35.0716189725971,10.214119579124512,-0.06467448840609535
b2c14,Batch 2,2018-02-20_batchdata_updated_struct_errorcorrect.mat,3.6C(30%)-6C,3.6C(30%)-6C,426.0,0.82618046,99,True,True,3.6,30.0,6.0,0,0,0,0,0,99,1.0792566424242422,99,0.016259522828282826,99,32.123877001585356,99,49.87950749158258,-0.00010165705627706068,-0.006854300000000091,1.0844886,1.0776343,10.241060000000289,1,-3.118519966248836,0.0007611671443129553,1000,True,True,True,finite_positive_target,0,,chargetime_gt100_retained:1,461,1.0838536,426.0,35.20046863818076,10.23842933673479,-0.0837144352028476
b2c15,Batch 2,2018-02-20_batchdata_updated_struct_errorcorrect.mat,3.6C(9%)-5C,3.6C(9%)-5C,396.0,0.82608759,99,True,True,3.6,9.0,5.0,0,0,0,0,0,99,1.0750435303030301,99,0.016303822929292926,99,32.862747677246595,99,10.173053501683547,9.20414260977118e-05,0.007325099999999862,1.0697494,1.0770745,10.174996666668449,0,-3.516251926776714,0.0003046127470747836,1000,True,True,True,finite_positive_target,0,,ok,414,1.0686641,396.0,36.07268366663823,10.173053501683547,-0.05093467639415561
b2c16,Batch 2,2018-02-20_batchdata_updated_struct_errorcorrect.mat,4.8C(80%)-4.8C,4.8C(80%)-4.8C,472.0,0.82648873,99,True,True,4.8,80.0,4.8,0,0,0,0,0,99,1.0970297515151517,99,0.01749052915151515,99,32.7673986704417,99,10.171620942760958,-1.5038863327153774e-05,-0.0004667999999998784,1.0945363,1.0940695,10.171568333332349,0,-3.494880991874622,0.0003199771811309943,1000,True,True,True,finite_positive_target,0,,ok,499,1.0956542,472.0,36.992036254667184,10.171620942760958,-0.0532543676756424
b2c17,Batch 2,2018-02-20_batchdata_updated_struct_errorcorrect.mat,5.6C(26%)-4.5C,5.6C(26%)-4.5C,471.0,0.8272146,99,True,True,5.6,26.0,4.5,0,0,0,0,0,99,1.0939235666666667,99,0.017088656323232324,99,32.988612809790894,99,10.181222777777869,3.904175881262204e-05,0.002719799999999939,1.0917177,1.0944375,10.17710500000006,0,-3.5003441284740386,0.0003159772910980138,1000,True,True,True,finite_positive_target,0,,ok,494,1.0892786,471.0,34.74907966738554,10.181222777777869,-0.05256239657553352
b2c18,Batch 2,2018-02-20_batchdata_updated_struct_errorcorrect.mat,5.2C(50%)-4.25C,5.2C(50%)-4.25C,449.0,0.82719898,99,True,True,5.2,50.0,4.25,0,0,0,0,0,99,1.0825073353535357,99,0.016646742727272724,99,32.88627829858526,99,10.174147626262663,0.00011339298701298683,0.010213400000000039,1.0756292,1.0858426,10.173984999999327,0,-3.707302736176298,0.00019619921427892916,1000,True,True,True,finite_positive_target,0,,ok,467,1.075542,449.0,36.40182568496011,10.174147626262663,-0.03974566910430133
b2c19,Batch 2,2018-02-20_batchdata_updated_struct_errorcorrect.mat,6C(60%)-3C,6C(60%)-3C,392.0,0.82597393,99,True,True,6.0,60.0,3.0,0,0,0,0,0,99,1.094755986868687,99,0.016718258151515154,99,32.770067410122046,99,10.173763619528666,2.1983457019166268e-05,0.0028185999999998934,1.0902406,1.0930592,10.174568333333445,0,-3.291958004542694,0.0005105543672328962,1000,True,True,True,finite_positive_target,0,,ok,411,1.0912853,392.0,36.54883267067881,10.173763619528666,-0.06565175087353758
b2c20,Batch 2,2018-02-20_batchdata_updated_struct_errorcorrect.mat,5.2C(58%)-4C,5.2C(58%)-4C,489.0,0.82856864,99,True,True,5.2,58.0,4.0,0,0,0,0,0,99,1.1000841181818182,99,0.016610858888888892,99,33.61911118506716,99,49.79333134680135,2.8384829931970537e-05,0.0061388,1.0977259,1.1038647,10.172901666666924,1,-3.4413054314104006,0.0003619883290668569,1000,True,True,True,finite_positive_target,0,,chargetime_gt100_retained:1,506,1.0973283,489.0,36.88625705741767,10.172928639455789,-0.06050408803806073
b2c21,Batch 2,2018-02-20_batchdata_updated_struct_errorcorrect.mat,6C(60%)-3C,6C(60%)-3C,408.0,0.82783753,99,True,True,6.0,60.0,3.0,0,0,0,0,0,99,1.1011154092929292,99,0.017200276171717172,99,33.60118814118363,99,10.174732340067363,3.546821447123146e-05,0.0014510999999999274,1.0985936,1.1000447,10.174735000000025,0,-3.326679075199306,0.0004713254868518693,1000,True,True,True,finite_positive_target,0,,ok,426,1.09855,408.0,38.660766342322724,10.174732340067363,-0.06446758204398206
b2c24,Batch 2,2018-02-20_batchdata_updated_struct_errorcorrect.mat,4.8C(80%)-4.8C,4.8C(80%)-4.8C,514.0,0.82615805,99,True,True,4.8,80.0,4.8,0,0,0,0,0,99,1.0963041979797978,99,0.01651537671717172,99,33.206377241160645,99,10.16999885521886,4.325509709338842e-05,0.009624700000000042,1.0923017,1.1019264,10.16985833333456,0,-3.6408852680750527,0.00022862026926774183,1000,True,True,True,finite_positive_target,0,,ok,536,1.0920496,514.0,38.17140352057085,10.16999885521886,-0.04572997432532899
b2c25,Batch 2,2018-02-20_batchdata_updated_struct_errorcorrect.mat,5.2C(58%)-4C,5.2C(58%)-4C,493.0,0.82751423,99,True,True,5.2,58.0,4.0,0,0,0,0,0,99,1.1022470464646466,99,0.01674041588888889,99,32.23848796399698,99,10.172931649831627,3.860060482374841e-05,0.007532199999999989,1.098838,1.1063702,10.173028333333786,0,-3.5344779300217333,0.0002920936192579677,1000,True,True,True,finite_positive_target,0,,ok,511,1.0981549,493.0,34.442510549892894,10.172931649831627,-0.05050846489030969
b2c26,Batch 2,2018-02-20_batchdata_updated_struct_errorcorrect.mat,5.6C(26%)-4.5C,5.6C(26%)-4.5C,450.0,0.82529837,99,True,True,5.6,26.0,4.5,0,0,0,0,0,99,1.10416721010101,99,0.017700572575757578,99,33.75843376995604,99,49.8213119360269,-1.2231956709952081e-05,0.002183200000000163,1.1043522,1.1065354,10.177568333333571,1,-3.2220536077932804,0.0005997170447101127,1000,True,True,True,finite_positive_target,0,,chargetime_gt100_retained:1,476,1.1048244,450.0,36.91322322353181,10.19580411564622,-0.0733087791289827
b2c27,Batch 2,2018-02-20_batchdata_updated_struct_errorcorrect.mat,5.2C(50%)-4.25C,5.2C(50%)-4.25C,474.0,0.8266983,99,True,True,5.2,50.0,4.25,0,0,0,0,0,99,1.0985360303030303,99,0.01758869122222222,99,33.30411096115286,99,10.17464639730628,8.322792949907285e-05,0.010578899999999836,1.0925682,1.1031471,10.174634999999641,0,-3.48620363289781,0.0003264347368865592,1000,True,True,True,finite_positive_target,0,,ok,493,1.0919615,474.0,38.09066395642736,10.17464639730628,-0.05449125756065937
b2c28,Batch 2,2018-02-20_batchdata_updated_struct_errorcorrect.mat,4.8C(80%)-4.8C,4.8C(80%)-4.8C,437.0,0.82741743,99,True,True,4.8,80.0,4.8,0,0,0,0,0,99,1.095054122222222,99,0.016274739303030306,99,32.143914131113334,99,49.80539951178444,5.7402129870125894e-05,0.009143300000000076,1.0904486,1.0995919,10.17329833333303,1,-3.4234111691232063,0.00037721489290159214,1000,True,True,True,finite_positive_target,0,,chargetime_gt100_retained:1,456,1.0873438,437.0,35.334859521378185,10.173453112244816,-0.05649138678277321
b2c29,Batch 2,2018-02-20_batchdata_updated_struct_errorcorrect.mat,5.2C(58%)-4C,5.2C(58%)-4C,452.0,0.82541627,99,True,True,5.2,58.0,4.0,0,0,0,0,0,99,1.1100257606060604,99,0.016732251515151515,99,31.797490897448796,99,10.173048585858563,0.00012008288806431068,0.012774400000000075,1.1032062,1.1159806,10.172915000000891,0,-3.5082481790944344,0.0003102785983552323,1000,True,True,True,finite_positive_target,0,,ok,470,1.1018348,452.0,34.43823202248059,10.173048585858563,-0.05263352953614442
b2c30,Batch 2,2018-02-20_batchdata_updated_struct_errorcorrect.mat,5.6C(26%)-4.5C,5.6C(26%)-4.5C,412.0,0.82665932,99,True,True,5.6,26.0,4.5,0,0,0,0,0,99,1.0929829222222223,99,0.016883249333333333,99,33.81182141567536,99,49.82939452861952,-8.503881385281154e-05,-0.0020923999999999943,1.0946374,1.092545,10.179339999999987,1,-3.1854095592748743,0.0006525149114268708,1000,True,True,True,finite_positive_target,0,,chargetime_gt100_retained:1,429,1.0946058,412.0,37.34308786098118,10.201115306122439,-0.07552303651130998
b2c31,Batch 2,2018-02-20_batchdata_updated_struct_errorcorrect.mat,5.6C(26%)-4.5C,5.6C(26%)-4.5C,425.0,0.82528561,99,True,True,5.6,26.0,4.5,0,0,0,0,0,99,1.0998533494949494,99,0.016325805828282827,99,33.3758501254003,99,10.194512441077386,3.9791858998146125e-05,0.0016135999999999928,1.0990092,1.1006228,10.178381666667216,0,-3.35235883148731,0.00044426404704274566,1000,True,True,True,finite_positive_target,0,,ok,446,1.0979669,425.0,35.656391701768925,10.194512441077386,-0.06422883358208353
b2c32,Batch 2,2018-02-20_batchdata_updated_struct_errorcorrect.mat,4.8C(80%)-4.8C-newstructure,4.8C(80%)-4.8C-newstructure,809.0,0.82744044,99,True,True,4.8,80.0,4.8,0,0,0,0,0,99,1.0900473909090909,99,0.014811171424242424,99,32.16894887045923,99,49.67143777777785,-5.5682572665427346e-05,-0.0007219999999998894,1.0881557,1.0874337,10.04089833333322,1,-4.131466155166347,7.388118368069333e-05,1000,True,True,True,finite_positive_target,0,,chargetime_gt100_retained:1,834,1.0884297,809.0,33.94637920302099,10.040991343537481,-0.02746120651303563
b2c33,Batch 2,2018-02-20_batchdata_updated_struct_errorcorrect.mat,5.2C(58%)-4C-newstructure,5.2C(58%)-4C-newstructure,1140.0,0.82506907,99,True,True,5.2,58.0,4.0,0,0,0,0,0,99,1.0705903191919193,99,0.014990987444444446,99,32.74157143407892,99,10.03956353535346,-0.00012531416326531098,-0.004597399999999974,1.0732747,1.0686773,10.039278333333398,0,-4.23162831933775,5.866400117176798e-05,1000,True,True,True,finite_positive_target,0,,ok,1190,1.0723264,1140.0,34.30263809635044,10.03956353535346,-0.024084742136216253
b2c34,Batch 2,2018-02-20_batchdata_updated_struct_errorcorrect.mat,5.6C(26%)-4.5C-newstructure,5.6C(26%)-4.5C-newstructure,1186.0,0.82562441,99,True,True,5.6,26.0,4.5,0,0,0,0,0,99,1.0671324676767675,99,0.01495288393939394,99,35.66789148456313,99,49.6776396632997,-5.456295732837848e-05,-0.0027188999999998575,1.0671737,1.0644548,10.040186666666704,1,-4.448585173324752,3.5597117054099105e-05,1000,True,True,True,finite_positive_target,0,,chargetime_gt100_retained:1,1252,1.0663866,1186.0,38.96110461672359,10.040434234693901,-0.01914294964399932
b2c41,Batch 2,2018-02-20_batchdata_updated_struct_errorcorrect.mat,5.6C(26%)-4.5C,5.6C(26%)-4.5C,442.0,0.82606894,99,True,True,5.6,26.0,4.5,0,99,0,0,0,99,1.1059561515151515,0,,99,30.193787010451164,99,49.81976715488214,2.3998204081631683e-05,0.00383319999999987,1.1049188,1.108752,10.177141666666527,1,-3.1723658101769976,0.0006724100406155343,1000,True,True,True,finite_positive_target,1,IR_mean_2_100,IR_invalid:99|IR_all_missing|chargetime_gt100_retained:1,463,1.1043886,442.0,32.72284623520075,10.189121445578202,-0.08093104924483763
b2c42,Batch 2,2018-02-20_batchdata_updated_struct_errorcorrect.mat,5.2C(50%)-4.25C,5.2C(50%)-4.25C,474.0,0.82577723,99,True,True,5.2,50.0,4.25,0,99,0,0,0,99,1.107131119191919,0,,99,31.709620029469267,99,10.175111565656564,8.583347433519058e-05,0.010915500000000078,1.1024443,1.1133598,10.175185000000056,0,-3.482587648007536,0.0003291640157368037,1000,True,True,True,finite_positive_target,1,IR_mean_2_100,IR_invalid:99|IR_all_missing,497,1.1026245,474.0,35.574378964676875,10.175111565656564,-0.054167624970645756
b2c43,Batch 2,2018-02-20_batchdata_updated_struct_errorcorrect.mat,4.8C(80%)-4.8C-newstructure,4.8C(80%)-4.8C-newstructure,1029.0,0.82532436,99,True,True,4.8,80.0,4.8,0,99,0,0,0,99,1.0986638707070708,0,,99,33.92914533704784,99,10.036751245791278,-7.295969944341106e-05,-0.0008110999999999535,1.0974334,1.0966223,10.03683833333295,0,-4.271781928623568,5.3483284647826735e-05,1000,True,True,True,finite_positive_target,1,IR_mean_2_100,IR_invalid:99|IR_all_missing,1061,1.097247,1029.0,36.97438163334141,10.036751245791278,-0.019164842112240565
b2c44,Batch 2,2018-02-20_batchdata_updated_struct_errorcorrect.mat,5.2C(58%)-4C-newstructure,5.2C(58%)-4C-newstructure,841.0,0.82503617,99,True,True,5.2,58.0,4.0,0,99,0,0,0,99,1.0976287414141412,0,,99,33.95995836968299,99,49.66138013468012,-2.446207668521927e-05,0.000905099999999992,1.09659,1.0974951,10.04033000000054,1,-4.36452348032534,4.3199281110227894e-05,1000,True,True,True,finite_positive_target,1,IR_mean_2_100,IR_invalid:99|IR_all_missing|chargetime_gt100_retained:1,874,1.0977726,841.0,36.8790253111546,10.040506156462564,-0.020302277620516618
b2c45,Batch 2,2018-02-20_batchdata_updated_struct_errorcorrect.mat,5.6C(26%)-4.5C-newstructure,5.6C(26%)-4.5C-newstructure,997.0,0.82734823,99,True,True,5.6,26.0,4.5,0,99,0,0,0,99,1.1012188434343433,0,,99,35.271412144027664,99,10.040190555555519,-7.610656895484813e-05,-0.003489400000000087,1.1030351,1.0995457,10.040363333333516,0,-4.175214949171005,6.680132101075869e-05,1000,True,True,True,finite_positive_target,1,IR_mean_2_100,IR_invalid:99|IR_all_missing,1027,1.1032015,997.0,37.86687606904902,10.040190555555519,-0.026670418787086536
b2c46,Batch 2,2018-02-20_batchdata_updated_struct_errorcorrect.mat,4.8C(80%)-4.8C,4.8C(80%)-4.8C,503.0,0.82638663,99,True,True,4.8,80.0,4.8,0,99,0,0,0,99,1.102562018181818,0,,99,29.88150861827619,99,49.80284373737375,1.9638269635131457e-05,-0.0010977000000000903,1.100943,1.0998453,10.169801666667142,1,-3.5088751328187002,0.00030983099889204734,1000,True,True,True,finite_positive_target,1,IR_mean_2_100,IR_invalid:99|IR_all_missing|chargetime_gt100_retained:1,523,1.0992969,503.0,31.01220065415558,10.169808435374172,-0.05286240500828243
b3c0,Batch 3,2018-04-12_batchdata_updated_struct_errorcorrect.mat,5C(67%)-4C-newstructure,5C(67%)-4C-newstructure,1009.0,0.8804329,99,True,True,5.0,67.0,4.0,0,0,0,0,0,99,1.0703864353535353,99,0.015235852282828284,99,32.194853230782606,99,10.042610084175084,-5.346195423626031e-06,0.001999299999999815,1.0674551,1.0694544,10.042381666666673,0,-4.245114870317645,5.687024898905241e-05,1000,True,True,True,finite_positive_target,0,,ok,1008,1.0665728,,33.560153344027476,10.042610084175084,-0.02331165742747432
b3c1,Batch 3,2018-04-12_batchdata_updated_struct_errorcorrect.mat,5.3C(54%)-4C-newstructure,5.3C(54%)-4C-newstructure,1063.0,0.8802734,99,True,True,5.3,54.0,4.0,0,0,0,0,0,99,1.0677216717171716,99,0.014984559090909092,99,34.83231929224147,99,10.041381363636303,-1.4719340754480143e-05,0.001417400000000013,1.0650603,1.0664777,10.041276666666574,0,-4.28554271039912,5.181521321780508e-05,1000,True,True,True,finite_positive_target,0,,ok,1062,1.0642239,,37.98835277556221,10.041381363636303,-0.022324177554068236
b3c2,Batch 3,2018-04-12_batchdata_updated_struct_errorcorrect.mat,5.6C(19%)-4.6C-newstructure,5.6C(19%)-4.6C-newstructure,1267.0,0.88013124,99,True,True,5.6,19.0,4.6,0,0,0,0,0,99,1.0620735151515153,99,0.014618566616161614,99,36.79033178065713,99,10.043663265993228,-2.039117996289508e-05,-0.00020449999999994084,1.060818,1.0606135,10.043701666666312,0,-4.77938058992098,1.6619555727408117e-05,1000,True,True,True,finite_positive_target,0,,ok,1266,1.0600004,,40.5242590441136,10.043663265993228,-0.008648038341613706
b3c3,Batch 3,2018-04-12_batchdata_updated_struct_errorcorrect.mat,5.6C(36%)-4.3C-newstructure,5.6C(36%)-4.3C-newstructure,1115.0,0.88058406,99,True,True,5.6,36.0,4.3,0,0,0,0,0,99,1.0646530202020204,99,0.014999963767676767,99,36.08374244976545,99,10.041502946127975,-1.2654854669141905e-05,0.0007053999999999672,1.0628892,1.0635946,10.04134666666602,0,-4.116607770381197,7.645259474220121e-05,1000,True,True,True,finite_positive_target,0,,ok,1114,1.0622736,,39.4408972847914,10.041502946127975,-0.026836614735112785
b3c4,Batch 3,2018-04-12_batchdata_updated_struct_errorcorrect.mat,5.6C(19%)-4.6C-newstructure,5.6C(19%)-4.6C-newstructure,1048.0,0.88001466,99,True,True,5.6,19.0,4.6,0,0,0,0,0,99,1.0745377696969698,99,0.015129103909090906,99,32.11715379681872,99,10.045573973063998,-5.233104514546137e-06,0.0013821000000000527,1.0724765,1.0738586,10.045795000000119,0,-4.178465673149821,6.630317519564988e-05,1000,True,True,True,finite_positive_target,0,,ok,1047,1.0717411,,32.98110366119803,10.045573973063998,-0.024810275761238065
b3c5,Batch 3,2018-04-12_batchdata_updated_struct_errorcorrect.mat,5.6C(36%)-4.3C-newstructure,5.6C(36%)-4.3C-newstructure,828.0,0.88066918,99,True,True,5.6,36.0,4.3,0,0,0,0,0,99,1.0531571414141414,99,0.01518261805050505,99,35.56013985266867,99,10.042010656565727,-1.602090043289774e-05,0.00040090000000003734,1.0514506,1.0518515,10.042009999999815,0,-4.114423974726586,7.683799523990656e-05,1000,True,True,True,finite_positive_target,0,,ok,827,1.0500579,,39.69079276471186,10.042010656565727,-0.025445098246365427
b3c6,Batch 3,2018-04-12_batchdata_updated_struct_errorcorrect.mat,3.7C(31%)-5.9C-newstructure,3.7C(31%)-5.9C-newstructure,667.0,0.88052577,99,True,True,3.7,31.0,5.9,0,0,0,0,0,99,1.053759712121212,99,0.013730660939393938,99,34.1072055276095,99,10.080923367003404,-0.0002023977884972222,-0.01883239999999997,1.0626124,1.04378,10.077968333333168,0,-3.5257081929454923,0.00029805183986089944,1000,True,True,True,finite_positive_target,0,,ok,666,1.0620248,,36.98765147763979,10.080923367003404,-0.05320164659124538
b3c7,Batch 3,2018-04-12_batchdata_updated_struct_errorcorrect.mat,4.8C(80%)-4.8C-newstructure,4.8C(80%)-4.8C-newstructure,1836.0,0.88036358,99,True,True,4.8,80.0,4.8,0,0,0,0,0,99,1.0701774252525253,99,0.015428265515151515,99,32.79694473003086,99,11.040740218855252,-2.3574483611610727e-06,0.0009525000000001338,1.0675218,1.0684743,11.038663333333291,0,-4.488742187967907,3.2453221357996856e-05,1000,True,True,True,finite_positive_target,0,,ok,1835,1.0664694,,34.27477909930834,11.040740218855252,-0.017059021835070354
b3c8,Batch 3,2018-04-12_batchdata_updated_struct_errorcorrect.mat,5C(67%)-4C-newstructure,5C(67%)-4C-newstructure,828.0,0.88094097,99,True,True,5.0,67.0,4.0,0,0,0,0,0,99,1.068006090909091,99,0.015253319353535355,99,33.05552416009523,99,10.043270673400722,-3.3089511440911376e-06,0.0022898000000000085,1.0647362,1.067026,10.043123333332671,0,-4.091803757442373,8.094615840627263e-05,1000,True,True,True,finite_positive_target,0,,ok,827,1.0636606,,35.07929651965403,10.043270673400722,-0.026848970612832312
b3c9,Batch 3,2018-04-12_batchdata_updated_struct_errorcorrect.mat,5.3C(54%)-4C-newstructure,5.3C(54%)-4C-newstructure,1039.0,0.8801114,99,True,True,5.3,54.0,4.0,0,0,0,0,0,99,1.0728593262626263,99,0.0157985837979798,99,33.08832983925303,99,10.04115065656567,6.68053184916058e-07,0.002963000000000049,1.0694826,1.0724456,10.041699999999643,0,-3.982296953008088,0.00010416049784765705,1000,True,True,True,finite_positive_target,0,,ok,1038,1.0683683,,35.09617884754773,10.04115065656567,-0.0295752747869662
b3c10,Batch 3,2018-04-12_batchdata_updated_struct_errorcorrect.mat,4.8C(80%)-4.8C-newstructure,4.8C(80%)-4.8C-newstructure,1078.0,0.88064086,99,True,True,4.8,80.0,4.8,0,0,0,0,0,99,1.06437858989899,99,0.01537307471717172,99,32.5348014795901,99,11.039443922558931,-2.8759653679635088e-06,0.0006163000000001251,1.0617746,1.0623909,11.038110000000112,0,-4.4113559240265765,3.8783238947594476e-05,1000,True,True,True,finite_positive_target,0,,ok,1077,1.0608749,,34.79216549532189,11.039443922558931,-0.019093025885229542
b3c11,Batch 3,2018-04-12_batchdata_updated_struct_errorcorrect.mat,5.6C(19%)-4.6C-newstructure,5.6C(19%)-4.6C-newstructure,817.0,0.88113368,99,True,True,5.6,19.0,4.6,0,0,0,0,0,99,1.0698276717171717,99,0.015524714272727273,99,34.20373702283128,99,10.042466936026983,-1.7682165739029632e-05,0.0002318999999999516,1.0680679,1.0682998,10.04273000000006,0,-3.884921164468091,0.00013034033579521087,1000,True,True,True,finite_positive_target,0,,ok,816,1.0673251,,37.60932852326845,10.042466936026983,-0.034087374997818
b3c12,Batch 3,2018-04-12_batchdata_updated_struct_errorcorrect.mat,5.6C(36%)-4.3C-newstructure,5.6C(36%)-4.3C-newstructure,932.0,0.88080788,99,True,True,5.6,36.0,4.3,0,0,0,0,0,99,1.0763353797979798,99,0.016047835363636364,99,33.2205731520236,99,10.042442037037002,-6.6794632034672655e-06,0.0013689999999999536,1.0741653,1.0755343,10.042369999999938,0,-3.9467899768101886,0.00011303424118898805,1000,True,True,True,finite_positive_target,0,,ok,931,1.0731678,,35.542101100869175,10.042442037037002,-0.03173492178819726
b3c13,Batch 3,2018-04-12_batchdata_updated_struct_errorcorrect.mat,5.6C(19%)-4.6C-newstructure,5.6C(19%)-4.6C-newstructure,816.0,0.88024569,99,True,True,5.6,19.0,4.6,0,0,0,0,0,99,1.0687136323232325,99,0.015128562717171716,99,34.11768528185422,99,10.042358249158227,-1.2185193568341783e-05,0.0017480000000000828,1.065558,1.067306,10.04230333333253,0,-4.094466485311571,8.045138308284514e-05,1000,True,True,True,finite_positive_target,0,,ok,815,1.0642039,,37.233278981795394,10.042358249158227,-0.027646083960900736
b3c14,Batch 3,2018-04-12_batchdata_updated_struct_errorcorrect.mat,5.6C(36%)-4.3C-newstructure,5.6C(36%)-4.3C-newstructure,858.0,0.88065648,99,True,True,5.6,36.0,4.3,0,0,0,0,0,99,1.077015806060606,99,0.015551921989898992,99,33.11953606667905,99,10.041858265993287,4.6361076066727265e-06,0.0036863000000000312,1.0727056,1.0763919,10.04188833333319,0,-3.999667694941731,0.00010007654534836023,1000,True,True,True,finite_positive_target,0,,ok,857,1.0716274,,35.48777029470216,10.041858265993287,-0.029282360362737236
b3c15,Batch 3,2018-04-12_batchdata_updated_struct_errorcorrect.mat,5.9C(15%)-4.6C-newstructure,5.9C(15%)-4.6C-newstructure,876.0,0.88058048,99,True,True,5.9,15.0,4.6,0,0,0,0,0,99,1.070546722222222,99,0.015306011222222221,99,33.51055049283859,99,10.04163658249164,-1.156462213976474e-05,0.0009406999999999055,1.0684187,1.0693594,10.041688333333392,0,-4.000684421929468,9.984253014088351e-05,1000,True,True,True,finite_positive_target,0,,ok,875,1.0677625,,36.80771071001127,10.04163658249164,-0.02948434500233621
b3c16,Batch 3,2018-04-12_batchdata_updated_struct_errorcorrect.mat,4.8C(80%)-4.8C-newstructure,4.8C(80%)-4.8C-newstructure,1638.0,0.88014877,99,True,True,4.8,80.0,4.8,0,0,0,0,0,99,1.0635088555555554,99,0.015311050717171716,99,34.94134876933804,99,11.040587407407404,-9.691301175018761e-06,0.0015488999999999642,1.061009,1.0625579,11.040201666666933,0,-4.694513499472995,2.020628622431914e-05,1000,True,True,True,finite_positive_target,0,,ok,1637,1.0605524,,37.832425406113444,11.040587407407404,-0.013451995639618852
b3c17,Batch 3,2018-04-12_batchdata_updated_struct_errorcorrect.mat,5.3C(54%)-4C-newstructure,5.3C(54%)-4C-newstructure,1315.0,0.88043362,99,True,True,5.3,54.0,4.0,0,0,0,0,0,99,1.067047807070707,99,0.015443586646464644,99,35.07228784758459,99,10.042102811447801,-5.833125541120238e-06,7.0999999999266095e-06,1.0664514,1.0664585,10.042456666666356,0,-4.439713079764758,3.633180045384266e-05,1000,True,True,True,finite_positive_target,0,,ok,1314,1.0653081,,37.40160198756502,10.042102811447801,-0.017882391550413823
b3c18,Batch 3,2018-04-12_batchdata_updated_struct_errorcorrect.mat,5.6C(19%)-4.6C-newstructure,5.6C(19%)-4.6C-newstructure,1146.0,0.88003904,99,True,True,5.6,19.0,4.6,0,0,0,0,0,99,1.0688689090909091,99,0.015015526535353539,99,35.2914180269327,99,10.04310829966328,-2.927494124922568e-05,-0.0010221999999999731,1.0680237,1.0670015,10.043134999999893,0,-4.254052001185467,5.571190370898626e-05,1000,True,True,True,finite_positive_target,0,,ok,1145,1.0674672,,37.97024186611959,10.04310829966328,-0.02345576998165999
b3c19,Batch 3,2018-04-12_batchdata_updated_struct_errorcorrect.mat,5.6C(36%)-4.3C-newstructure,5.6C(36%)-4.3C-newstructure,1155.0,0.88007373,99,True,True,5.6,36.0,4.3,0,0,0,0,0,99,1.0727208262626262,99,0.01546349318181818,99,35.09835953689969,99,10.043189629629584,-2.9691358070504438e-05,-0.0010694999999998345,1.0719248,1.0708553,10.043324999999944,0,-4.171941874669042,6.730667325120848e-05,1000,True,True,True,finite_positive_target,0,,ok,1154,1.0706265,,37.876070766588285,10.043189629629584,-0.025293657704202555
b3c20,Batch 3,2018-04-12_batchdata_updated_struct_errorcorrect.mat,5C(67%)-4C-newstructure,5C(67%)-4C-newstructure,813.0,0.88059181,99,True,True,5.0,67.0,4.0,0,0,0,0,0,99,1.067449897979798,99,0.015263322232323233,99,33.10212248197412,99,10.043380471380493,-7.154074211500192e-06,0.001389899999999944,1.0650502,1.0664401,10.043170000000584,0,-4.066344693269561,8.583320053473407e-05,1000,True,True,True,finite_positive_target,0,,ok,812,1.063777,,35.739254750947524,10.043380471380493,-0.028071993572476917
b3c21,Batch 3,2018-04-12_batchdata_updated_struct_errorcorrect.mat,3.7C(31%)-5.9C-newstructure,3.7C(31%)-5.9C-newstructure,772.0,0.8801983,99,True,True,3.7,31.0,5.9,0,0,0,0,0,99,1.0619781898989897,99,0.014093014131313133,99,34.900399416468076,99,10.079161515151517,-0.0001594917019171322,-0.014024700000000001,1.0678563,1.0538316,10.075993333333463,0,-3.704326685729231,0.00019754830798491912,1000,True,True,True,finite_positive_target,0,,ok,771,1.0678786,,37.9177756860133,10.079161515151517,-0.04327614857800555
b3c22,Batch 3,2018-04-12_batchdata_updated_struct_errorcorrect.mat,5.9C(60%)-3.1C-newstructure,5.9C(60%)-3.1C-newstructure,1002.0,0.88094068,99,True,True,5.9,60.0,3.1,0,0,0,0,0,99,1.0581549232323233,99,0.015685687353535354,99,34.61069656408486,99,10.04255023569017,-1.5988764378483083e-05,0.000640299999999927,1.0562643,1.0569046,10.042931666666602,0,-4.046822397094466,8.977958692912617e-05,1000,True,True,True,finite_positive_target,0,,ok,1001,1.0551282,,37.5322343873043,10.04255023569017,-0.028409329718630083
b3c24,Batch 3,2018-04-12_batchdata_updated_struct_errorcorrect.mat,5C(67%)-4C-newstructure,5C(67%)-4C-newstructure,825.0,0.88021326,99,True,True,5.0,67.0,4.0,0,0,0,0,0,99,1.050441208080808,99,0.015554037858585858,99,34.68760501613314,99,10.041832441077416,9.6505887445875e-06,0.003810800000000114,1.0462732,1.050084,10.04188833333319,0,-4.155254994876533,6.994312062017459e-05,1000,True,True,True,finite_positive_target,0,,ok,824,1.0451531,,37.236331842653044,10.041832441077416,-0.0247723986145858
b3c25,Batch 3,2018-04-12_batchdata_updated_struct_errorcorrect.mat,5.3C(54%)-4C-newstructure,5.3C(54%)-4C-newstructure,989.0,0.88167018,99,True,True,5.3,54.0,4.0,0,0,0,0,0,99,1.0648225050505051,99,0.015641851515151513,99,35.58186389191699,99,10.042413013468028,6.950843537418871e-06,0.003236100000000075,1.0611302,1.0643663,10.04240666666689,0,-4.1465607447332715,7.135743905511085e-05,1000,True,True,True,finite_positive_target,0,,ok,988,1.0600799,,38.88624032121534,10.042413013468028,-0.026576249209760316
b3c26,Batch 3,2018-04-12_batchdata_updated_struct_errorcorrect.mat,5.6C(19%)-4.6C-newstructure,5.6C(19%)-4.6C-newstructure,1028.0,0.88023561,99,True,True,5.6,19.0,4.6,0,0,0,0,0,99,1.075112296969697,99,0.015593572727272726,99,35.745916536891265,99,10.042290858585826,-4.2884230055903015e-07,0.0024163999999999852,1.0720186,1.074435,10.042310000000482,0,-4.219507413901045,6.032434097872005e-05,1000,True,True,True,finite_positive_target,0,,ok,1027,1.0709693,,39.14135891629517,10.042290858585826,-0.02417913926788795
b3c27,Batch 3,2018-04-12_batchdata_updated_struct_errorcorrect.mat,5.6C(36%)-4.3C-newstructure,5.6C(36%)-4.3C-newstructure,850.0,0.88002509,99,True,True,5.6,36.0,4.3,0,0,0,0,0,99,1.0637090626262626,99,0.014919440515151516,99,35.30844806776433,99,10.045002356902378,-4.0353704390864875e-06,0.002340299999999962,1.0604171,1.0627574,10.044954999999996,0,-4.130132310934438,7.410844302086189e-05,1000,True,True,True,finite_positive_target,0,,ok,849,1.0592589,,38.44588898200405,10.045002356902378,-0.026600290807078597
b3c28,Batch 3,2018-04-12_batchdata_updated_struct_errorcorrect.mat,3.7C(31%)-5.9C-newstructure,3.7C(31%)-5.9C-newstructure,541.0,0.88010961,99,True,True,3.7,31.0,5.9,0,0,0,0,0,99,1.0445220202020202,99,0.01342088496969697,99,35.69688828820833,99,10.088611986532047,-0.00019802208534322756,-0.01785750000000008,1.0518668,1.0340093,10.083603333333546,0,-3.451657893017001,0.00035346149253269254,1000,True,True,True,finite_positive_target,0,,ok,540,1.0512739,,39.55791836716047,10.088611986532047,-0.05783112055064066
b3c29,Batch 3,2018-04-12_batchdata_updated_struct_errorcorrect.mat,5.9C(15%)-4.6C-newstructure,5.9C(15%)-4.6C-newstructure,858.0,0.88007307,99,True,True,5.9,15.0,4.6,0,0,0,0,0,99,1.0705002696969699,99,0.014824126747474747,99,31.262889334066085,99,10.041979612794579,4.077620284472189e-06,0.0032661000000000495,1.0663688,1.0696349,10.041565000000022,0,-4.0635761002012085,8.638212824469724e-05,1000,True,True,True,finite_positive_target,0,,ok,857,1.0652004,,31.680285422399457,10.041979612794579,-0.028921475161164945
b3c30,Batch 3,2018-04-12_batchdata_updated_struct_errorcorrect.mat,5.3C(54%)-4C-newstructure,5.3C(54%)-4C-newstructure,935.0,0.88024825,99,True,True,5.3,54.0,4.0,0,0,0,0,0,99,1.0717059313131312,99,0.015572678929292929,99,32.24311941023021,99,10.04344259259257,-3.416536796534243e-06,0.002271499999999982,1.0687393,1.0710108,10.043569999999212,0,-4.1002255467806545,7.939158148811134e-05,1000,True,True,True,finite_positive_target,0,,ok,934,1.0674757,,33.95640656351435,10.04344259259257,-0.026737169755743473
b3c31,Batch 3,2018-04-12_batchdata_updated_struct_errorcorrect.mat,5.9C(60%)-3.1C-newstructure,5.9C(60%)-3.1C-newstructure,731.0,0.88031369,99,True,True,5.9,60.0,3.1,0,0,0,0,0,99,1.0707996878787878,99,0.015875272090909092,99,34.00003070157337,99,10.045700723905673,-8.999562152133179e-06,0.0016336999999999602,1.0681812,1.0698149,10.045905000000493,0,-3.8396030254357147,0.00014467616046037193,1000,True,True,True,finite_positive_target,0,,ok,730,1.0674968,,36.77304266866142,10.045700723905673,-0.035619409739265695
b3c33,Batch 3,2018-04-12_batchdata_updated_struct_errorcorrect.mat,5C(67%)-4C-newstructure,5C(67%)-4C-newstructure,1284.0,0.88079751,99,True,True,5.0,67.0,4.0,0,0,0,0,0,99,1.062159194949495,99,0.015340797171717173,99,33.10710984192206,99,10.043259696969717,-1.2591045145338765e-05,0.0006477999999998652,1.060272,1.0609198,10.043294999999732,0,-4.395898333073689,4.0188487978171294e-05,1000,True,True,True,finite_positive_target,0,,ok,1283,1.0594152,,34.284327507895505,10.043259696969717,-0.019885925647910252
b3c34,Batch 3,2018-04-12_batchdata_updated_struct_errorcorrect.mat,5.3C(54%)-4C-newstructure,5.3C(54%)-4C-newstructure,1158.0,0.88017184,99,True,True,5.3,54.0,4.0,0,0,0,0,0,99,1.063246013131313,99,0.015302312080808081,99,35.77943527518051,99,10.043539814814821,-2.115797278911987e-05,1.430000000013365e-05,1.061535,1.0615493,10.043899999999848,0,-4.305659504591576,4.946983882423062e-05,1000,True,True,True,finite_positive_target,0,,ok,1157,1.0602307,,38.98815031750086,10.043539814814821,-0.02150989276991433
b3c35,Batch 3,2018-04-12_batchdata_updated_struct_errorcorrect.mat,5.6C(19%)-4.6C-newstructure,5.6C(19%)-4.6C-newstructure,1093.0,0.88011736,99,True,True,5.6,19.0,4.6,0,0,0,0,0,99,1.0644993393939395,99,0.01537437201010101,99,35.532941501822236,99,10.043588619528593,-1.953093877550817e-05,-0.00014730000000007237,1.0633804,1.0632331,10.043591666666423,0,-4.234858289724564,5.8229318902417414e-05,1000,True,True,True,finite_positive_target,0,,ok,1092,1.0626153,,38.53730929443863,10.043588619528593,-0.02302807515263361
b3c36,Batch 3,2018-04-12_batchdata_updated_struct_errorcorrect.mat,5.6C(36%)-4.3C-newstructure,5.6C(36%)-4.3C-newstructure,923.0,0.88060242,99,True,True,5.6,36.0,4.3,0,0,0,0,0,99,1.0593632474747476,99,0.0151344318989899,99,35.87907157748097,99,10.043494949494974,-2.197191960420188e-05,0.00023799999999996047,1.0575287,1.0577667,10.04348499999954,0,-4.253457920681209,5.5788165335225655e-05,1000,True,True,True,finite_positive_target,0,,ok,922,1.0573761,,39.38680749559564,10.043494949494974,-0.022981813517992444
b3c37,Batch 3,2018-04-12_batchdata_updated_struct_errorcorrect.mat,4.8C(80%)-4.8C-newstructure,4.8C(80%)-4.8C-newstructure,1390.0,0.88049883,99,True,True,4.8,80.0,4.8,0,0,0,0,0,99,1.049442304040404,99,0.014715773414141417,99,35.01461049108638,99,11.038428198653161,-2.0516487322216555e-06,0.0018122000000000416,1.0465839,1.0483961,11.038366666666843,0,-5.098855849397497,7.96423654716803e-06,1000,True,True,True,finite_positive_target,0,,ok,1389,1.0489386,,37.82132622347397,11.038428198653161,-0.008439822988718593
b3c38,Batch 3,2018-04-12_batchdata_updated_struct_errorcorrect.mat,5C(67%)-4C-newstructure,5C(67%)-4C-newstructure,1935.0,0.88000458,99,True,True,5.0,67.0,4.0,0,0,0,0,0,99,1.0719827515151514,99,0.01583589924242424,99,34.745836319764145,99,10.043707962962927,-8.787589363021427e-06,0.0009221999999999841,1.0701473,1.0710695,10.043544999999964,0,-4.342053043792284,4.5493249228224246e-05,1000,True,True,True,finite_positive_target,0,,ok,1934,1.0691597,,37.739090670595026,10.043707962962927,-0.020147005721674938
b3c39,Batch 3,2018-04-12_batchdata_updated_struct_errorcorrect.mat,5.3C(54%)-4C-newstructure,5.3C(54%)-4C-newstructure,1156.0,0.88043225,99,True,True,5.3,54.0,4.0,0,0,0,0,0,99,1.0505830505050504,99,0.015563160080808082,99,33.887021839840784,99,10.043092710437712,-6.583238095233322e-06,0.0021002000000001075,1.0474036,1.0495038,10.043549999999717,0,-4.454635076566319,3.510467231268054e-05,1000,True,True,True,finite_positive_target,0,,ok,1155,1.0464231,,36.074946023996944,10.043092710437712,-0.017457917694832736
b3c40,Batch 3,2018-04-12_batchdata_updated_struct_errorcorrect.mat,5.6C(19%)-4.6C-newstructure,5.6C(19%)-4.6C-newstructure,796.0,0.88070726,99,True,True,5.6,19.0,4.6,0,0,0,0,0,99,1.062999387878788,99,0.015390749383838383,99,34.05341123035083,99,10.043764865319858,-7.692147186143209e-06,0.002433899999999989,1.0593235,1.0617574,10.043501666666513,0,-4.29510827493732,5.068643250322407e-05,1000,True,True,True,finite_positive_target,0,,ok,795,1.0581568,,37.527810173662246,10.043764865319858,-0.022053794482172262
b3c41,Batch 3,2018-04-12_batchdata_updated_struct_errorcorrect.mat,5.6C(36%)-4.3C-newstructure,5.6C(36%)-4.3C-newstructure,786.0,0.88062328,99,True,True,5.6,36.0,4.3,0,0,0,0,0,99,1.0543741434343434,99,0.018306992535353537,99,33.640262798950594,99,10.043162962962906,9.732244897959292e-06,0.0036312000000000566,1.0505219,1.0541531,10.043064999999963,0,-4.2195093707566445,6.03240691683163e-05,1000,True,True,True,finite_positive_target,0,,ok,785,1.0491925,,36.62919119540175,10.043162962962906,-0.024192993699098664
b3c42,Batch 3,2018-04-12_batchdata_updated_struct_errorcorrect.mat,4.8C(80%)-4.8C-newstructure,4.8C(80%)-4.8C-newstructure,1642.0,0.88037544,99,True,True,4.8,80.0,4.8,0,0,0,0,0,99,1.0695203565656566,99,0.016131830323232323,99,33.03326599301577,99,11.03849814814812,1.8104885590570822e-06,0.0020447999999999578,1.0669198,1.0689646,11.038346666666621,0,-4.346194685061839,4.5061465820542114e-05,1000,True,True,True,finite_positive_target,0,,ok,1641,1.0657128,,35.57262282220451,11.03849814814812,-0.005609789046358671
b3c43,Batch 3,2018-04-12_batchdata_updated_struct_errorcorrect.mat,5C(67%)-4C-newstructure,5C(67%)-4C-newstructure,1046.0,0.88060749,99,True,True,5.0,67.0,4.0,0,0,0,0,0,99,1.0728844272727274,99,0.015828501373737373,99,33.89526904792961,99,10.043652104377044,3.041014223876659e-06,0.0022332999999998826,1.0701852,1.0724185,10.043633333332643,0,-4.316748020025344,4.822275074444368e-05,1000,True,True,True,finite_positive_target,0,,ok,1045,1.0691668,,36.95614928561784,10.043652104377044,-0.01297639899175873
b3c44,Batch 3,2018-04-12_batchdata_updated_struct_errorcorrect.mat,5.3C(54%)-4C-newstructure,5.3C(54%)-4C-newstructure,940.0,0.88046378,99,True,True,5.3,54.0,4.0,0,0,0,0,0,99,1.07331738989899,99,0.015572503777777776,99,33.35164903826186,99,10.043212407407367,4.689736549163306e-06,0.003208399999999889,1.06972,1.0729284,10.043413333332865,0,-4.131495522376496,7.387618796699746e-05,1000,True,True,True,finite_positive_target,0,,ok,939,1.0686373,,36.336163666791506,10.043212407407367,-0.02598513188750473
b3c45,Batch 3,2018-04-12_batchdata_updated_struct_errorcorrect.mat,4.8C(80%)-4.8C-newstructure,4.8C(80%)-4.8C-newstructure,1801.0,0.88047254,99,True,True,4.8,80.0,4.8,0,0,0,0,0,99,1.0714658575757574,99,0.015618692474747477,99,32.72596355233115,99,11.038587558922575,-1.2584539269261775e-07,0.001576599999999928,1.0695485,1.0711251,11.03800666666648,0,-4.5208508005857535,3.014041303195534e-05,1000,True,True,True,finite_positive_target,0,,ok,1800,1.0688018,,34.6817726725469,11.038587558922575,-0.016477960740300612
