batch,method,n,pearson,spearman
Batch 1,Mean (all records),36,0.48971194253762973,0.47741022406041106
Batch 1,Median (all records),36,0.5709260353652216,0.46132063710771454
Batch 1,Mean (records <=100 min),36,0.5697695328050203,0.4255373957249175
Batch 2,Mean (all records),39,0.08706750328012966,-0.39325842898104635
Batch 2,Median (all records),39,-0.9183990085140923,-0.8115193887106946
Batch 2,Mean (records <=100 min),39,-0.9174099479141915,-0.7562506365295747
Batch 3,Mean (all records),44,0.6374731672218192,0.19197970306329473
Batch 3,Median (all records),44,0.638367109672755,0.26102124976562596
Batch 3,Mean (records <=100 min),44,0.6374731672218192,0.19197970306329473
