batch,cell_id,cycle,minutes
Batch 1,b1c5,13,418.81941000000006
Batch 1,b1c14,13,419.7895399999999
Batch 1,b1c15,13,419.87335500000006
Batch 2,b2c14,50,3934.7051666666666
Batch 2,b2c20,50,3932.592796666666
Batch 2,b2c22,99,960.0854733333322
Batch 2,b2c23,99,960.0515949999991
Batch 2,b2c26,51,3933.121078333333
Batch 2,b2c28,49,3933.7361466666666
Batch 2,b2c30,52,3933.4007583333337
Batch 2,b2c32,71,3933.4551883333334
Batch 2,b2c34,77,3934.1237716666665
Batch 2,b2c35,99,959.8723566666672
Batch 2,b2c36,99,960.2771749999995
Batch 2,b2c37,100,480.3559083333336
Batch 2,b2c38,100,480.3436683333343
Batch 2,b2c39,100,480.3493683333334
Batch 2,b2c40,49,3932.943618333333
Batch 2,b2c40,100,480.20775666666646
Batch 2,b2c41,51,3933.623046666667
Batch 2,b2c44,70,3932.50703
Batch 2,b2c46,48,3933.8403033333334
