pair,batch,n,pearson,spearman
ΔQ 로그분산 - 수명,Batch 1,36,-0.8265843267936154,-0.8262324691948716
ΔQ 로그분산 - 수명,Batch 2,39,-0.9018830736836406,-0.7089786451951733
ΔQ 로그분산 - 수명,Batch 3,44,-0.7018620670132867,-0.7972372984772357
평균 충전 시간 - 수명,Batch 1,36,0.48971194253762973,0.47741022406041106
평균 충전 시간 - 수명,Batch 2,39,0.08706750328012966,-0.39325842898104635
평균 충전 시간 - 수명,Batch 3,44,0.6374731672218192,0.19197970306329473
평균 온도 - 수명,Batch 1,36,-0.1727081087650401,-0.11635989284190121
평균 온도 - 수명,Batch 2,39,0.42531202704892834,0.16550258208082647
평균 온도 - 수명,Batch 3,44,-0.021766797465161823,0.025371766924664505
평균 온도 - 최고 온도,Batch 1,36,0.9528482986315479,0.9395109395109394
평균 온도 - 최고 온도,Batch 2,39,0.8245383687419131,0.7921052631578949
평균 온도 - 최고 온도,Batch 3,44,0.9714934757859056,0.976321353065539
ΔQ 로그분산 - ΔQ 최솟값,Batch 1,36,-0.9876499924611621,-0.9876447876447877
ΔQ 로그분산 - ΔQ 최솟값,Batch 2,39,-0.9748404928736379,-0.9850202429149799
ΔQ 로그분산 - ΔQ 최솟값,Batch 3,44,-0.921012554044534,-0.9837914023960537
