batch,feature,n,pearson,spearman
Batch 1,C1_rate,36,-0.01572551850194071,-0.23187474048573992
Batch 1,switch_soc_pct,36,-0.28911736005863564,-0.06325128634628596
Batch 1,C2_rate,36,-0.5619863781518056,-0.1684329194951164
Batch 2,C1_rate,39,0.11351199574062713,-0.06963854858664441
Batch 2,switch_soc_pct,39,0.08745613477197837,0.016638495466402142
Batch 2,C2_rate,39,-0.33718563699915327,-0.1344525938642692
Batch 3,C1_rate,44,0.7175265784738286,-0.09251826917665788
Batch 3,switch_soc_pct,44,0.2636923559033889,0.3837477709501395
Batch 3,C2_rate,44,-0.7075206946376202,-0.19936109840768818
