cell_id,batch,source_file,policy,policy_group,cycle_life,last_qd,early_rows,early_100_coverage,cycle_mapping_verified,C1_rate,switch_soc_pct,C2_rate,QDischarge_early_invalid_n,IR_early_invalid_n,Tavg_early_invalid_n,chargetime_early_invalid_n,QD_isolated_spikes_excluded_n,QDischarge_valid_early_n,QDischarge_mean_2_100,IR_valid_early_n,IR_mean_2_100,Tavg_valid_early_n,Tavg_mean_2_100,chargetime_valid_early_n,chargetime_mean_2_100,QDischarge_slope_2_100,QDischarge_delta_100_2,QDischarge_cycle2,QDischarge_cycle100,chargetime_median_2_100,chargetime_gt100_n,dq_log10_variance,dq_variance_Ah2,dq_valid_grid_n,dq_grid_lengths_equal,dq_voltage_monotonic,main_analysis_eligible,cohort_rule,missing_feature_count,missing_features,quality_flags
b2c0,Batch 2,2018-02-20_batchdata_updated_struct_errorcorrect.mat,5.2C(58%)-4C,5.2C(58%)-4C,477.0,0.82661337,99,True,True,5.2,58.0,4.0,0,0,0,0,0,99,1.105088570707071,99,0.017335808494949492,99,31.808470926230026,99,10.17325806397317,1.3737568336431474e-05,0.003267799999999932,1.1020051,1.1052729,10.173188333333625,0,-3.4872647963011447,0.0003256380937000854,1000,True,True,True,finite_positive_target,0,,ok
b2c1,Batch 2,2018-02-20_batchdata_updated_struct_errorcorrect.mat,5.6C(26%)-4.5C,5.6C(26%)-4.5C,491.0,0.82848173,99,True,True,5.6,26.0,4.5,0,0,0,0,0,99,1.1049235595959594,99,0.01755231991919192,99,33.60099815475848,99,10.198514225589118,-3.290422139764397e-05,-0.004240400000000033,1.1057826,1.1015422,10.176856666666572,0,-3.2980513654760366,0.0005034410615908589,1000,True,True,True,finite_positive_target,0,,ok
b2c2,Batch 2,2018-02-20_batchdata_updated_struct_errorcorrect.mat,5.2C(50%)-4.25C,5.2C(50%)-4.25C,424.0,0.82700932,99,True,True,5.2,50.0,4.25,0,0,0,0,0,99,1.0746630466666667,99,0.01646109804040404,99,33.17566129490617,99,10.17503702020208,-5.396060358691645e-06,-0.0025500999999998886,1.0753863,1.0728362,10.174891666667342,0,-3.4602483651128177,0.00034653861464528006,1000,True,True,True,finite_positive_target,0,,ok
b2c3,Batch 2,2018-02-20_batchdata_updated_struct_errorcorrect.mat,4.65C(44%)-5C,4.65C(44%)-5C,499.0,0.82550967,99,True,True,4.65,44.0,5.0,0,0,0,0,0,99,1.1014852565656565,99,0.01591516953535354,99,33.93805810095692,99,10.173178956229002,7.592857884971752e-05,0.004372700000000007,1.0959566,1.1003293,10.173140000000421,0,-3.496242996974693,0.000318975262145792,1000,True,True,True,finite_positive_target,0,,ok
b2c4,Batch 2,2018-02-20_batchdata_updated_struct_errorcorrect.mat,4.65C(69%)-6C,4.65C(69%)-6C,444.0,0.82712674,99,True,True,4.65,69.0,6.0,0,0,0,0,0,99,1.0859254535353535,99,0.016186317888888888,99,33.04820861652687,99,10.231960420875373,-6.742782807669012e-05,-0.008614400000000133,1.0899745,1.0813601,10.229923333332408,0,-3.232506812226559,0.0005854545529657333,1000,True,True,True,finite_positive_target,0,,ok
b2c5,Batch 2,2018-02-20_batchdata_updated_struct_errorcorrect.mat,3.6C(30%)-6C,3.6C(30%)-6C,416.0,0.8261537,99,True,True,3.6,30.0,6.0,0,0,0,0,0,99,1.0879375151515152,99,0.015297588929292928,99,33.01307013030371,99,10.198699713804725,-0.00019484917996289103,-0.02290649999999994,1.0989141,1.0760076,10.201064999999168,0,-3.085881724279185,0.0008205749892219913,1000,True,True,True,finite_positive_target,0,,ok
b2c6,Batch 2,2018-02-20_batchdata_updated_struct_errorcorrect.mat,3.6C(9%)-5C,3.6C(9%)-5C,393.0,0.82940364,99,True,True,3.6,9.0,5.0,0,0,0,0,0,99,1.0929755737373739,99,0.016037468727272727,99,33.81904518975318,99,10.17931370370378,6.24381335807018e-05,0.002035299999999962,1.0885617,1.090597,10.179401666667157,0,-3.53003968650195,0.00029509395529212125,1000,True,True,True,finite_positive_target,0,,ok
b2c7,Batch 2,2018-02-20_batchdata_updated_struct_errorcorrect.mat,4.8C(80%)-4.8C-newstructure,4.8C(80%)-4.8C-newstructure,777.0,0.8264814,99,True,True,4.8,80.0,4.8,0,0,0,0,0,99,1.0930350373737374,99,0.014790622575757575,99,33.769687089746824,99,10.035777525252517,5.346993939393214e-05,0.006792399999999921,1.0904776,1.09727,10.035609999999481,0,-4.231670089905405,5.865835912266468e-05,1000,True,True,True,finite_positive_target,0,,ok
b2c8,Batch 2,2018-02-20_batchdata_updated_struct_errorcorrect.mat,5.2C(58%)-4C-newstructure,5.2C(58%)-4C-newstructure,904.0,0.8255862,99,True,True,5.2,58.0,4.0,0,0,0,0,0,99,1.0901590962626262,99,0.016466365090909093,99,33.59868374090274,99,10.03986983164983,-4.8129210760671786e-05,0.00030090000000004835,1.0906329,1.0909338,10.039828333334299,0,-4.10242248030074,7.899098323286501e-05,1000,True,True,True,finite_positive_target,0,,ok
b2c9,Batch 2,2018-02-20_batchdata_updated_struct_errorcorrect.mat,5.6C(26%)-4.5C-newstructure,5.6C(26%)-4.5C-newstructure,791.0,0.82610458,99,True,True,5.6,26.0,4.5,0,0,0,0,0,99,1.0975024424242423,99,0.015396235121212121,99,32.3508526526095,99,10.039928501683493,-3.178960420532104e-05,0.00257710000000011,1.0949715,1.0975486,10.040233333333406,0,-4.344425682662564,4.5245388051825846e-05,1000,True,True,True,finite_positive_target,0,,ok
b2c10,Batch 2,2018-02-20_batchdata_updated_struct_errorcorrect.mat,4.8C(80%)-4.8C,4.8C(80%)-4.8C,492.0,0.82791102,99,True,True,4.8,80.0,4.8,0,0,0,0,0,99,1.1111783965656563,99,0.01705791890909091,99,31.720791269063756,99,10.169499612794551,5.4494455906002766e-05,0.00701509999999983,1.1092782,1.1162933,10.17084500000031,0,-3.4509001132975605,0.00035407876899738185,1000,True,True,True,finite_positive_target,0,,ok
b2c11,Batch 2,2018-02-20_batchdata_updated_struct_errorcorrect.mat,5.2C(50%)-4.25C,5.2C(50%)-4.25C,449.0,0.82524824,99,True,True,5.2,50.0,4.25,0,0,0,0,0,99,1.1010659737373738,99,0.01721894155555555,99,33.146477466034135,99,10.173883215488235,0.00011636928385899045,0.012777099999999875,1.0959171,1.1086942,10.173753333333298,0,-3.485393220979881,0.000327044446642087,1000,True,True,True,finite_positive_target,0,,ok
b2c12,Batch 2,2018-02-20_batchdata_updated_struct_errorcorrect.mat,4.65C(44%)-5C,4.65C(44%)-5C,466.0,0.82528538,99,True,True,4.65,44.0,5.0,0,0,0,0,0,99,1.104144308080808,99,0.01652292034343434,99,31.314676947956993,99,10.174858552188601,3.124443661100505e-05,0.0049399999999999444,1.1016457,1.1065857,10.174634999999155,0,-3.1679683681509765,0.0006792531042316953,1000,True,True,True,finite_positive_target,0,,ok
b2c13,Batch 2,2018-02-20_batchdata_updated_struct_errorcorrect.mat,4.65C(69%)-6C,4.65C(69%)-6C,460.0,0.82574999,99,True,True,4.65,69.0,6.0,0,0,0,0,0,99,1.0949361080808082,99,0.016067178222222225,99,31.946988973926523,99,10.214119579124512,-1.1445944341368896e-05,-0.0002936999999998413,1.0954365,1.0951428,10.21302999999995,0,-3.3444477218838284,0.00045243092034126796,1000,True,True,True,finite_positive_target,0,,ok
b2c14,Batch 2,2018-02-20_batchdata_updated_struct_errorcorrect.mat,3.6C(30%)-6C,3.6C(30%)-6C,426.0,0.82618046,99,True,True,3.6,30.0,6.0,0,0,0,0,0,99,1.0792566424242422,99,0.016259522828282826,99,32.123877001585356,99,49.87950749158258,-0.00010165705627706068,-0.006854300000000091,1.0844886,1.0776343,10.241060000000289,1,-3.118519966248836,0.0007611671443129553,1000,True,True,True,finite_positive_target,0,,chargetime_gt100_retained:1
b2c15,Batch 2,2018-02-20_batchdata_updated_struct_errorcorrect.mat,3.6C(9%)-5C,3.6C(9%)-5C,396.0,0.82608759,99,True,True,3.6,9.0,5.0,0,0,0,0,0,99,1.0750435303030301,99,0.016303822929292926,99,32.862747677246595,99,10.173053501683547,9.20414260977118e-05,0.007325099999999862,1.0697494,1.0770745,10.174996666668449,0,-3.516251926776714,0.0003046127470747836,1000,True,True,True,finite_positive_target,0,,ok
b2c16,Batch 2,2018-02-20_batchdata_updated_struct_errorcorrect.mat,4.8C(80%)-4.8C,4.8C(80%)-4.8C,472.0,0.82648873,99,True,True,4.8,80.0,4.8,0,0,0,0,0,99,1.0970297515151517,99,0.01749052915151515,99,32.7673986704417,99,10.171620942760958,-1.5038863327153774e-05,-0.0004667999999998784,1.0945363,1.0940695,10.171568333332349,0,-3.494880991874622,0.0003199771811309943,1000,True,True,True,finite_positive_target,0,,ok
b2c17,Batch 2,2018-02-20_batchdata_updated_struct_errorcorrect.mat,5.6C(26%)-4.5C,5.6C(26%)-4.5C,471.0,0.8272146,99,True,True,5.6,26.0,4.5,0,0,0,0,0,99,1.0939235666666667,99,0.017088656323232324,99,32.988612809790894,99,10.181222777777869,3.904175881262204e-05,0.002719799999999939,1.0917177,1.0944375,10.17710500000006,0,-3.5003441284740386,0.0003159772910980138,1000,True,True,True,finite_positive_target,0,,ok
b2c18,Batch 2,2018-02-20_batchdata_updated_struct_errorcorrect.mat,5.2C(50%)-4.25C,5.2C(50%)-4.25C,449.0,0.82719898,99,True,True,5.2,50.0,4.25,0,0,0,0,0,99,1.0825073353535357,99,0.016646742727272724,99,32.88627829858526,99,10.174147626262663,0.00011339298701298683,0.010213400000000039,1.0756292,1.0858426,10.173984999999327,0,-3.707302736176298,0.00019619921427892916,1000,True,True,True,finite_positive_target,0,,ok
b2c19,Batch 2,2018-02-20_batchdata_updated_struct_errorcorrect.mat,6C(60%)-3C,6C(60%)-3C,392.0,0.82597393,99,True,True,6.0,60.0,3.0,0,0,0,0,0,99,1.094755986868687,99,0.016718258151515154,99,32.770067410122046,99,10.173763619528666,2.1983457019166268e-05,0.0028185999999998934,1.0902406,1.0930592,10.174568333333445,0,-3.291958004542694,0.0005105543672328962,1000,True,True,True,finite_positive_target,0,,ok
b2c20,Batch 2,2018-02-20_batchdata_updated_struct_errorcorrect.mat,5.2C(58%)-4C,5.2C(58%)-4C,489.0,0.82856864,99,True,True,5.2,58.0,4.0,0,0,0,0,0,99,1.1000841181818182,99,0.016610858888888892,99,33.61911118506716,99,49.79333134680135,2.8384829931970537e-05,0.0061388,1.0977259,1.1038647,10.172901666666924,1,-3.4413054314104006,0.0003619883290668569,1000,True,True,True,finite_positive_target,0,,chargetime_gt100_retained:1
b2c21,Batch 2,2018-02-20_batchdata_updated_struct_errorcorrect.mat,6C(60%)-3C,6C(60%)-3C,408.0,0.82783753,99,True,True,6.0,60.0,3.0,0,0,0,0,0,99,1.1011154092929292,99,0.017200276171717172,99,33.60118814118363,99,10.174732340067363,3.546821447123146e-05,0.0014510999999999274,1.0985936,1.1000447,10.174735000000025,0,-3.326679075199306,0.0004713254868518693,1000,True,True,True,finite_positive_target,0,,ok
b2c22,Batch 2,2018-02-20_batchdata_updated_struct_errorcorrect.mat,VarCharge-2C-100cycles,VarCharge-2C-100cycles,,1.0556005,99,True,True,,,,0,0,0,0,0,99,1.1021826104040404,99,0.021770682,99,34.50224371401082,99,33.66724856902348,0.0006255910350030879,-0.0073848999999999165,1.0913191,1.0839342,24.217241666665846,1,-4.641168700608011,2.2847111406387513e-05,1000,True,True,False,finite_positive_target,3,C1_rate|switch_soc_pct|C2_rate,invalid_cycle_life|unparsed_policy|chargetime_gt100_retained:1
b2c23,Batch 2,2018-02-20_batchdata_updated_struct_errorcorrect.mat,VarCharge-4C-100cycles,VarCharge-4C-100cycles,,0.97824305,99,True,True,,,,0,0,0,0,0,99,1.0962064574747474,99,0.021160888999999992,99,34.147927604894626,99,21.78754757575758,0.0005160051214594965,-0.015132400000000157,1.0904602,1.0753278,12.211763333333268,1,-4.356254277157163,4.4029699642585154e-05,1000,True,True,False,finite_positive_target,3,C1_rate|switch_soc_pct|C2_rate,invalid_cycle_life|unparsed_policy|chargetime_gt100_retained:1
b2c24,Batch 2,2018-02-20_batchdata_updated_struct_errorcorrect.mat,4.8C(80%)-4.8C,4.8C(80%)-4.8C,514.0,0.82615805,99,True,True,4.8,80.0,4.8,0,0,0,0,0,99,1.0963041979797978,99,0.01651537671717172,99,33.206377241160645,99,10.16999885521886,4.325509709338842e-05,0.009624700000000042,1.0923017,1.1019264,10.16985833333456,0,-3.6408852680750527,0.00022862026926774183,1000,True,True,True,finite_positive_target,0,,ok
b2c25,Batch 2,2018-02-20_batchdata_updated_struct_errorcorrect.mat,5.2C(58%)-4C,5.2C(58%)-4C,493.0,0.82751423,99,True,True,5.2,58.0,4.0,0,0,0,0,0,99,1.1022470464646466,99,0.01674041588888889,99,32.23848796399698,99,10.172931649831627,3.860060482374841e-05,0.007532199999999989,1.098838,1.1063702,10.173028333333786,0,-3.5344779300217333,0.0002920936192579677,1000,True,True,True,finite_positive_target,0,,ok
b2c26,Batch 2,2018-02-20_batchdata_updated_struct_errorcorrect.mat,5.6C(26%)-4.5C,5.6C(26%)-4.5C,450.0,0.82529837,99,True,True,5.6,26.0,4.5,0,0,0,0,0,99,1.10416721010101,99,0.017700572575757578,99,33.75843376995604,99,49.8213119360269,-1.2231956709952081e-05,0.002183200000000163,1.1043522,1.1065354,10.177568333333571,1,-3.2220536077932804,0.0005997170447101127,1000,True,True,True,finite_positive_target,0,,chargetime_gt100_retained:1
b2c27,Batch 2,2018-02-20_batchdata_updated_struct_errorcorrect.mat,5.2C(50%)-4.25C,5.2C(50%)-4.25C,474.0,0.8266983,99,True,True,5.2,50.0,4.25,0,0,0,0,0,99,1.0985360303030303,99,0.01758869122222222,99,33.30411096115286,99,10.17464639730628,8.322792949907285e-05,0.010578899999999836,1.0925682,1.1031471,10.174634999999641,0,-3.48620363289781,0.0003264347368865592,1000,True,True,True,finite_positive_target,0,,ok
b2c28,Batch 2,2018-02-20_batchdata_updated_struct_errorcorrect.mat,4.8C(80%)-4.8C,4.8C(80%)-4.8C,437.0,0.82741743,99,True,True,4.8,80.0,4.8,0,0,0,0,0,99,1.095054122222222,99,0.016274739303030306,99,32.143914131113334,99,49.80539951178444,5.7402129870125894e-05,0.009143300000000076,1.0904486,1.0995919,10.17329833333303,1,-3.4234111691232063,0.00037721489290159214,1000,True,True,True,finite_positive_target,0,,chargetime_gt100_retained:1
b2c29,Batch 2,2018-02-20_batchdata_updated_struct_errorcorrect.mat,5.2C(58%)-4C,5.2C(58%)-4C,452.0,0.82541627,99,True,True,5.2,58.0,4.0,0,0,0,0,0,99,1.1100257606060604,99,0.016732251515151515,99,31.797490897448796,99,10.173048585858563,0.00012008288806431068,0.012774400000000075,1.1032062,1.1159806,10.172915000000891,0,-3.5082481790944344,0.0003102785983552323,1000,True,True,True,finite_positive_target,0,,ok
b2c30,Batch 2,2018-02-20_batchdata_updated_struct_errorcorrect.mat,5.6C(26%)-4.5C,5.6C(26%)-4.5C,412.0,0.82665932,99,True,True,5.6,26.0,4.5,0,0,0,0,0,99,1.0929829222222223,99,0.016883249333333333,99,33.81182141567536,99,49.82939452861952,-8.503881385281154e-05,-0.0020923999999999943,1.0946374,1.092545,10.179339999999987,1,-3.1854095592748743,0.0006525149114268708,1000,True,True,True,finite_positive_target,0,,chargetime_gt100_retained:1
b2c31,Batch 2,2018-02-20_batchdata_updated_struct_errorcorrect.mat,5.6C(26%)-4.5C,5.6C(26%)-4.5C,425.0,0.82528561,99,True,True,5.6,26.0,4.5,0,0,0,0,0,99,1.0998533494949494,99,0.016325805828282827,99,33.3758501254003,99,10.194512441077386,3.9791858998146125e-05,0.0016135999999999928,1.0990092,1.1006228,10.178381666667216,0,-3.35235883148731,0.00044426404704274566,1000,True,True,True,finite_positive_target,0,,ok
b2c32,Batch 2,2018-02-20_batchdata_updated_struct_errorcorrect.mat,4.8C(80%)-4.8C-newstructure,4.8C(80%)-4.8C-newstructure,809.0,0.82744044,99,True,True,4.8,80.0,4.8,0,0,0,0,0,99,1.0900473909090909,99,0.014811171424242424,99,32.16894887045923,99,49.67143777777785,-5.5682572665427346e-05,-0.0007219999999998894,1.0881557,1.0874337,10.04089833333322,1,-4.131466155166347,7.388118368069333e-05,1000,True,True,True,finite_positive_target,0,,chargetime_gt100_retained:1
b2c33,Batch 2,2018-02-20_batchdata_updated_struct_errorcorrect.mat,5.2C(58%)-4C-newstructure,5.2C(58%)-4C-newstructure,1140.0,0.82506907,99,True,True,5.2,58.0,4.0,0,0,0,0,0,99,1.0705903191919193,99,0.014990987444444446,99,32.74157143407892,99,10.03956353535346,-0.00012531416326531098,-0.004597399999999974,1.0732747,1.0686773,10.039278333333398,0,-4.23162831933775,5.866400117176798e-05,1000,True,True,True,finite_positive_target,0,,ok
b2c34,Batch 2,2018-02-20_batchdata_updated_struct_errorcorrect.mat,5.6C(26%)-4.5C-newstructure,5.6C(26%)-4.5C-newstructure,1186.0,0.82562441,99,True,True,5.6,26.0,4.5,0,0,0,0,0,99,1.0671324676767675,99,0.01495288393939394,99,35.66789148456313,99,49.6776396632997,-5.456295732837848e-05,-0.0027188999999998575,1.0671737,1.0644548,10.040186666666704,1,-4.448585173324752,3.5597117054099105e-05,1000,True,True,True,finite_positive_target,0,,chargetime_gt100_retained:1
b2c35,Batch 2,2018-02-20_batchdata_updated_struct_errorcorrect.mat,VarCharge-6C-100cycles,VarCharge-6C-100cycles,,0.88112044,99,True,True,,,,0,0,0,0,0,99,1.0564124238383839,99,0.020666520999999993,99,36.507257940976096,99,17.708760673400665,0.00018185626196661256,-0.03934709999999986,1.0689886,1.0296415,8.09194833333313,1,-3.2189089608610653,0.000604075245598287,1000,True,True,False,finite_positive_target,3,C1_rate|switch_soc_pct|C2_rate,invalid_cycle_life|unparsed_policy|chargetime_gt100_retained:1
b2c36,Batch 2,2018-02-20_batchdata_updated_struct_errorcorrect.mat,VarCharge-8C-100cycles,VarCharge-8C-100cycles,,0.88107425,99,True,True,,,,0,0,0,0,0,99,1.0431138077777777,99,0.02033557,99,38.56623803155033,99,16.394327962962983,-0.0001730470325293742,-0.06879329999999984,1.0722352,1.0034419,6.78008000000021,1,-2.6849178093471577,0.002065771068001692,1000,True,True,False,finite_positive_target,3,C1_rate|switch_soc_pct|C2_rate,invalid_cycle_life|unparsed_policy|chargetime_gt100_retained:1
b2c37,Batch 2,2018-02-20_batchdata_updated_struct_errorcorrect.mat,3.6C(80%)-3.6C(SLOWCYCLE,3.6C(80%)-3.6C(SLOWCYCLE,,2.1693008,99,True,True,3.6,80.0,3.6,0,0,0,0,0,99,1.0951420817171718,99,0.017241923626262628,99,32.93003403034187,99,18.21994124579139,0.0006596153919604182,1.0839698000000002,1.0834186,2.1673884,13.50422499999986,1,-4.770610886629153,1.695856550878882e-05,1000,True,True,False,finite_positive_target,0,,invalid_cycle_life|chargetime_gt100_retained:1
b2c38,Batch 2,2018-02-20_batchdata_updated_struct_errorcorrect.mat,4.8C(80%)-4.8C(SLOWCYCLE,4.8C(80%)-4.8C(SLOWCYCLE,,2.1653843,99,True,True,4.8,80.0,4.8,0,0,0,0,0,99,1.0949971717171716,99,0.01658499318181818,99,33.16550806710767,99,14.917342457912511,0.0006026548002473716,1.0779008,1.0843664,2.1622672,10.169828333333134,1,-4.215350254359975,6.0904550971893996e-05,1000,True,True,False,finite_positive_target,0,,invalid_cycle_life|chargetime_gt100_retained:1
b2c39,Batch 2,2018-02-20_batchdata_updated_struct_errorcorrect.mat,3.6C(9%)-5C(SLOWCYCLE,3.6C(9%)-5C(SLOWCYCLE,,0.88120419,99,True,True,3.6,9.0,5.0,0,0,0,0,0,99,1.0819322909090907,99,0.016808221434343434,99,32.886249589388996,99,14.922638872053804,0.0005717653840445266,1.0549509000000001,1.072063,2.1270139,10.175506666666964,1,-3.3625834932774885,0.0004339268330283632,1000,True,True,False,finite_positive_target,0,,invalid_cycle_life|chargetime_gt100_retained:1
b2c40,Batch 2,2018-02-20_batchdata_updated_struct_errorcorrect.mat,5.2C(58%)-4C(SLOWCYCLE,5.2C(58%)-4C(SLOWCYCLE,,0.88021344,99,True,True,5.2,58.0,4.0,0,99,0,0,0,99,1.0964519373737374,0,,99,32.46931392128253,99,54.54489562289566,0.0006366557897340686,1.0776549000000002,1.0839667,2.1616216,10.173168333332676,2,-3.5995672762895525,0.0002514390480151275,1000,True,True,False,finite_positive_target,1,IR_mean_2_100,invalid_cycle_life|IR_invalid:99|IR_all_missing|chargetime_gt100_retained:2
b2c41,Batch 2,2018-02-20_batchdata_updated_struct_errorcorrect.mat,5.6C(26%)-4.5C,5.6C(26%)-4.5C,442.0,0.82606894,99,True,True,5.6,26.0,4.5,0,99,0,0,0,99,1.1059561515151515,0,,99,30.193787010451164,99,49.81976715488214,2.3998204081631683e-05,0.00383319999999987,1.1049188,1.108752,10.177141666666527,1,-3.1723658101769976,0.0006724100406155343,1000,True,True,True,finite_positive_target,1,IR_mean_2_100,IR_invalid:99|IR_all_missing|chargetime_gt100_retained:1
b2c42,Batch 2,2018-02-20_batchdata_updated_struct_errorcorrect.mat,5.2C(50%)-4.25C,5.2C(50%)-4.25C,474.0,0.82577723,99,True,True,5.2,50.0,4.25,0,99,0,0,0,99,1.107131119191919,0,,99,31.709620029469267,99,10.175111565656564,8.583347433519058e-05,0.010915500000000078,1.1024443,1.1133598,10.175185000000056,0,-3.482587648007536,0.0003291640157368037,1000,True,True,True,finite_positive_target,1,IR_mean_2_100,IR_invalid:99|IR_all_missing
b2c43,Batch 2,2018-02-20_batchdata_updated_struct_errorcorrect.mat,4.8C(80%)-4.8C-newstructure,4.8C(80%)-4.8C-newstructure,1029.0,0.82532436,99,True,True,4.8,80.0,4.8,0,99,0,0,0,99,1.0986638707070708,0,,99,33.92914533704784,99,10.036751245791278,-7.295969944341106e-05,-0.0008110999999999535,1.0974334,1.0966223,10.03683833333295,0,-4.271781928623568,5.3483284647826735e-05,1000,True,True,True,finite_positive_target,1,IR_mean_2_100,IR_invalid:99|IR_all_missing
b2c44,Batch 2,2018-02-20_batchdata_updated_struct_errorcorrect.mat,5.2C(58%)-4C-newstructure,5.2C(58%)-4C-newstructure,841.0,0.82503617,99,True,True,5.2,58.0,4.0,0,99,0,0,0,99,1.0976287414141412,0,,99,33.95995836968299,99,49.66138013468012,-2.446207668521927e-05,0.000905099999999992,1.09659,1.0974951,10.04033000000054,1,-4.36452348032534,4.3199281110227894e-05,1000,True,True,True,finite_positive_target,1,IR_mean_2_100,IR_invalid:99|IR_all_missing|chargetime_gt100_retained:1
b2c45,Batch 2,2018-02-20_batchdata_updated_struct_errorcorrect.mat,5.6C(26%)-4.5C-newstructure,5.6C(26%)-4.5C-newstructure,997.0,0.82734823,99,True,True,5.6,26.0,4.5,0,99,0,0,0,99,1.1012188434343433,0,,99,35.271412144027664,99,10.040190555555519,-7.610656895484813e-05,-0.003489400000000087,1.1030351,1.0995457,10.040363333333516,0,-4.175214949171005,6.680132101075869e-05,1000,True,True,True,finite_positive_target,1,IR_mean_2_100,IR_invalid:99|IR_all_missing
b2c46,Batch 2,2018-02-20_batchdata_updated_struct_errorcorrect.mat,4.8C(80%)-4.8C,4.8C(80%)-4.8C,503.0,0.82638663,99,True,True,4.8,80.0,4.8,0,99,0,0,0,99,1.102562018181818,0,,99,29.88150861827619,99,49.80284373737375,1.9638269635131457e-05,-0.0010977000000000903,1.100943,1.0998453,10.169801666667142,1,-3.5088751328187002,0.00030983099889204734,1000,True,True,True,finite_positive_target,1,IR_mean_2_100,IR_invalid:99|IR_all_missing|chargetime_gt100_retained:1
