cell_id,batch,policy_group,quality_flags,role,actual_cycles,predicted_cycles,error_cycles,absolute_error,ape_pct,nonpositive_prediction,outside_training_feature_range,out_of_range_features,missing_feature_count,below_training_life_range,above_training_life_range
b2c0,Batch 2,5.2C(58%)-4C,ok,Test (Batch 2),477.0,631.4672493336852,154.46724933368523,154.46724933368523,32.383071139137364,False,False,,0,True,False
b2c1,Batch 2,5.6C(26%)-4.5C,ok,Test (Batch 2),491.0,548.1691764181369,57.169176418136885,57.169176418136885,11.64341678577126,False,True,dq_log10_variance,0,True,False
b2c2,Batch 2,5.2C(50%)-4.25C,ok,Test (Batch 2),424.0,619.2244386968949,195.22443869689494,195.22443869689494,46.0434996926639,False,False,,0,True,False
b2c3,Batch 2,4.65C(44%)-5C,ok,Test (Batch 2),499.0,635.5563867610662,136.55638676106616,136.55638676106616,27.366009370955144,False,False,,0,True,False
b2c4,Batch 2,4.65C(69%)-6C,ok,Test (Batch 2),444.0,520.9407561568441,76.94075615684415,76.94075615684415,17.328999134424357,False,True,dq_log10_variance,0,True,False
b2c5,Batch 2,3.6C(30%)-6C,ok,Test (Batch 2),416.0,463.95685901368745,47.95685901368745,47.95685901368745,11.528091109059481,False,True,dq_log10_variance,0,True,False
b2c6,Batch 2,3.6C(9%)-5C,ok,Test (Batch 2),393.0,651.0326849501885,258.03268495018847,258.03268495018847,65.65717174305051,False,False,,0,True,False
b2c7,Batch 2,4.8C(80%)-4.8C-newstructure,ok,Test (Batch 2),777.0,968.9690772731485,191.9690772731485,191.9690772731485,24.706444951499165,False,True,dq_log10_variance,0,False,False
b2c8,Batch 2,5.2C(58%)-4C-newstructure,ok,Test (Batch 2),904.0,914.7087649144197,10.708764914419703,10.708764914419703,1.1845978887632416,False,False,,0,False,False
b2c9,Batch 2,5.6C(26%)-4.5C-newstructure,ok,Test (Batch 2),791.0,1012.9806736577751,221.98067365777513,221.98067365777513,28.0632962904899,False,True,dq_log10_variance,0,False,False
b2c10,Batch 2,4.8C(80%)-4.8C,ok,Test (Batch 2),492.0,615.0110760211703,123.01107602117031,123.01107602117031,25.0022512238151,False,False,,0,True,False
b2c11,Batch 2,5.2C(50%)-4.25C,ok,Test (Batch 2),449.0,630.6160864850364,181.61608648503636,181.61608648503636,40.449017034529255,False,False,,0,True,False
b2c12,Batch 2,4.65C(44%)-5C,ok,Test (Batch 2),466.0,495.14441039343797,29.144410393437965,29.144410393437965,6.25416532048025,False,True,dq_log10_variance,0,True,False
b2c13,Batch 2,4.65C(69%)-6C,ok,Test (Batch 2),460.0,568.0054061370549,108.00540613705493,108.00540613705493,23.47943611675107,False,True,dq_log10_variance,0,True,False
b2c14,Batch 2,3.6C(30%)-6C,chargetime_gt100_retained:1,Test (Batch 2),426.0,476.1281151460028,50.12811514600281,50.12811514600281,11.767163179812867,False,True,dq_log10_variance,0,True,False
b2c15,Batch 2,3.6C(9%)-5C,ok,Test (Batch 2),396.0,644.7036776203272,248.7036776203272,248.7036776203272,62.803958995032126,False,False,,0,True,False
b2c16,Batch 2,4.8C(80%)-4.8C,ok,Test (Batch 2),472.0,634.9354290722113,162.93542907221126,162.93542907221126,34.52021802377357,False,False,,0,True,False
b2c17,Batch 2,5.6C(26%)-4.5C,ok,Test (Batch 2),471.0,637.4274878130313,166.42748781303135,166.42748781303135,35.33492310255442,False,False,,0,True,False
b2c18,Batch 2,5.2C(50%)-4.25C,ok,Test (Batch 2),449.0,733.662956993241,284.662956993241,284.662956993241,63.399322270209574,False,False,,0,True,False
b2c19,Batch 2,6C(60%)-3C,ok,Test (Batch 2),392.0,545.5972692348024,153.5972692348024,153.5972692348024,39.182976845612856,False,True,dq_log10_variance,0,True,False
b2c20,Batch 2,5.2C(58%)-4C,chargetime_gt100_retained:1,Test (Batch 2),489.0,610.6995791911324,121.69957919113244,121.69957919113244,24.887439507389047,False,False,,0,True,False
b2c21,Batch 2,6C(60%)-3C,ok,Test (Batch 2),408.0,560.3570791732743,152.35707917327431,152.35707917327431,37.34242136599861,False,True,dq_log10_variance,0,True,False
b2c24,Batch 2,4.8C(80%)-4.8C,ok,Test (Batch 2),514.0,702.5081787174469,188.50817871744687,188.50817871744687,36.674742941137524,False,False,,0,True,False
b2c25,Batch 2,5.2C(58%)-4C,ok,Test (Batch 2),493.0,653.0741909359776,160.07419093597764,160.07419093597764,32.469409926161795,False,False,,0,True,False
b2c26,Batch 2,5.6C(26%)-4.5C,chargetime_gt100_retained:1,Test (Batch 2),450.0,516.691307766296,66.69130776629595,66.69130776629595,14.820290614732434,False,True,dq_log10_variance,0,True,False
b2c27,Batch 2,5.2C(50%)-4.25C,ok,Test (Batch 2),474.0,630.9845953689197,156.9845953689197,156.9845953689197,33.11911294702947,False,False,,0,True,False
b2c28,Batch 2,4.8C(80%)-4.8C,chargetime_gt100_retained:1,Test (Batch 2),437.0,602.695042143651,165.695042143651,165.695042143651,37.91648561639611,False,False,,0,True,False
b2c29,Batch 2,5.2C(58%)-4C,ok,Test (Batch 2),452.0,641.0391864481463,189.03918644814632,189.03918644814632,41.82282886020936,False,False,,0,True,False
b2c30,Batch 2,5.6C(26%)-4.5C,chargetime_gt100_retained:1,Test (Batch 2),412.0,502.01021615303034,90.01021615303034,90.01021615303034,21.84713984296853,False,True,dq_log10_variance,0,True,False
b2c31,Batch 2,5.6C(26%)-4.5C,ok,Test (Batch 2),425.0,571.430412642987,146.430412642987,146.430412642987,34.45421473952635,False,False,,0,True,False
b2c32,Batch 2,4.8C(80%)-4.8C-newstructure,chargetime_gt100_retained:1,Test (Batch 2),809.0,927.2129063998865,118.21290639988649,118.21290639988649,14.612225760183744,False,False,,0,False,False
b2c33,Batch 2,5.2C(58%)-4C-newstructure,ok,Test (Batch 2),1140.0,968.9521572938668,-171.04784270613322,171.04784270613322,15.004196728608179,False,True,dq_log10_variance,0,False,True
b2c34,Batch 2,5.6C(26%)-4.5C-newstructure,chargetime_gt100_retained:1,Test (Batch 2),1186.0,1050.382128660885,-135.61787133911503,135.61787133911503,11.434896402960796,False,True,dq_log10_variance,0,False,True
b2c41,Batch 2,5.6C(26%)-4.5C,IR_invalid:99|IR_all_missing|chargetime_gt100_retained:1,Test (Batch 2),442.0,496.86788828161144,54.86788828161144,54.86788828161144,12.413549384979964,False,True,dq_log10_variance,0,True,False
b2c42,Batch 2,5.2C(50%)-4.25C,IR_invalid:99|IR_all_missing,Test (Batch 2),474.0,629.3409786468914,155.34097864689136,155.34097864689136,32.772358364323075,False,False,,0,True,False
b2c43,Batch 2,4.8C(80%)-4.8C-newstructure,IR_invalid:99|IR_all_missing,Test (Batch 2),1029.0,985.0142878325519,-43.98571216744813,43.98571216744813,4.274607596447826,False,True,dq_log10_variance,0,False,False
b2c44,Batch 2,5.2C(58%)-4C-newstructure,IR_invalid:99|IR_all_missing|chargetime_gt100_retained:1,Test (Batch 2),841.0,1020.4539461241699,179.45394612416987,179.45394612416987,21.33816244044826,False,True,dq_log10_variance,0,False,False
b2c45,Batch 2,5.6C(26%)-4.5C-newstructure,IR_invalid:99|IR_all_missing,Test (Batch 2),997.0,945.7207418251121,-51.2792581748879,51.2792581748879,5.1433558851442225,False,False,,0,False,False
b2c46,Batch 2,4.8C(80%)-4.8C,IR_invalid:99|IR_all_missing|chargetime_gt100_retained:1,Test (Batch 2),503.0,641.3259757297925,138.3259757297925,138.3259757297925,27.500193982066104,False,False,,0,True,False
