cell_id,batch,policy_group,quality_flags,role,actual_cycles,predicted_cycles,error_cycles,absolute_error,ape_pct,nonpositive_prediction,outside_training_feature_range,out_of_range_features,missing_feature_count,below_training_life_range,above_training_life_range,fold
b1c18,Batch 1,5.4C(70%)-3C,QD_audited_spike_removed:cycle40,Train (Batch 1 CV),691.0,661.5137653272652,-29.48623467273478,29.48623467273478,4.2671830206562635,False,False,,0,False,False,1
b1c19,Batch 1,5.4C(70%)-3C,ok,Train (Batch 1 CV),788.0,674.1051436341437,-113.8948563658563,113.8948563658563,14.453661975362476,False,False,,0,False,False,1
b1c28,Batch 1,6C(50%)-3C,ok,Train (Batch 1 CV),860.0,865.0565527435526,5.056552743552629,5.056552743552629,0.5879712492503057,False,False,,0,False,False,1
b1c29,Batch 1,6C(50%)-3C,ok,Train (Batch 1 CV),917.0,865.3035765530765,-51.69642344692352,51.69642344692352,5.637559808824811,False,False,,0,False,False,1
b1c44,Batch 1,8C(35%)-3.6C,ok,Train (Batch 1 CV),616.0,661.5137653272652,45.51376532726522,45.51376532726522,7.388598267413185,False,False,,0,False,False,1
b1c45,Batch 1,8C(35%)-3.6C,ok,Train (Batch 1 CV),599.0,674.1051436341437,75.1051436341437,75.1051436341437,12.5384213078704,False,False,,0,False,False,1
b1c14,Batch 1,5.4C(60%)-3C,chargetime_gt100_retained:1,Train (Batch 1 CV),880.0,875.4123802863803,-4.587619713619688,4.587619713619688,0.5213204220022373,False,False,,0,False,False,2
b1c15,Batch 1,5.4C(60%)-3C,chargetime_gt100_retained:1,Train (Batch 1 CV),719.0,874.0925707625709,155.09257076257086,155.09257076257086,21.570593986449357,False,True,QDischarge_delta_100_2,0,False,False,2
b1c30,Batch 1,6C(50%)-3.6C,ok,Train (Batch 1 CV),709.0,716.0434136604134,7.043413660413421,7.043413660413421,0.9934292891979437,False,False,,0,False,False,2
b1c31,Batch 1,6C(50%)-3.6C,ok,Train (Batch 1 CV),876.0,740.9121637251634,-135.0878362748366,135.0878362748366,15.4209858761229,False,False,,0,False,False,2
b1c42,Batch 1,8C(25%)-3.6C,ok,Train (Batch 1 CV),702.0,689.2773773818772,-12.722622618122841,12.722622618122841,1.812339404291003,False,False,,0,False,False,2
b1c43,Batch 1,8C(25%)-3.6C,ok,Train (Batch 1 CV),651.0,674.9928562178561,23.992856217856115,23.992856217856115,3.6855385895324293,False,False,,0,False,False,2
b1c16,Batch 1,5.4C(60%)-3.6C,IR_invalid:1,Train (Batch 1 CV),862.0,847.6285776260773,-14.371422373922655,14.371422373922655,1.6672183728448555,False,False,,0,False,False,3
b1c17,Batch 1,5.4C(60%)-3.6C,ok,Train (Batch 1 CV),857.0,845.3106966736964,-11.689303326303616,11.689303326303616,1.3639793846328607,False,False,,0,False,False,3
b1c24,Batch 1,6C(40%)-3C,ok,Train (Batch 1 CV),1017.0,884.0341179191175,-132.96588208088247,132.96588208088247,13.07432468838569,False,True,chargetime_median_2_100,0,False,False,3
b1c25,Batch 1,6C(40%)-3C,ok,Train (Batch 1 CV),854.0,884.7274512524509,30.72745125245092,30.72745125245092,3.598062207546946,False,True,chargetime_median_2_100,0,False,False,3
b1c36,Batch 1,7C(40%)-3C,ok,Train (Batch 1 CV),704.0,724.0846148296149,20.084614829614907,20.084614829614907,2.8529282428430265,False,False,,0,False,False,3
b1c37,Batch 1,7C(40%)-3C,ok,Train (Batch 1 CV),648.0,724.0846148296149,76.0846148296149,76.0846148296149,11.74145290580477,False,False,,0,False,False,3
b1c9,Batch 1,5.4C(40%)-3.6C,ok,Train (Batch 1 CV),1054.0,855.370977059977,-198.629022940023,198.629022940023,18.84525834345569,False,False,,0,False,True,4
b1c23,Batch 1,6C(30%)-3.6C,ok,Train (Batch 1 CV),1014.0,858.0104532504533,-155.98954674954666,155.98954674954666,15.383584492065745,False,False,,0,False,False,4
b1c26,Batch 1,6C(40%)-3.6C,ok,Train (Batch 1 CV),870.0,855.7105097125097,-14.289490287490253,14.289490287490253,1.6424701479873853,False,False,,0,False,False,4
b1c27,Batch 1,6C(40%)-3.6C,ok,Train (Batch 1 CV),842.0,865.1236278536278,23.123627853627795,23.123627853627795,2.7462740918797857,False,False,,0,False,False,4
b1c34,Batch 1,7C(30%)-3.6C,ok,Train (Batch 1 CV),742.0,866.8670564250564,124.86705642505638,124.86705642505638,16.82844426213698,False,False,,0,False,False,4
b1c35,Batch 1,7C(30%)-3.6C,ok,Train (Batch 1 CV),703.0,829.7436639009138,126.74366390091382,126.74366390091382,18.02897068291804,False,False,,0,False,False,4
b1c11,Batch 1,5.4C(50%)-3C,IR_invalid:1,Train (Batch 1 CV),788.0,931.5796548636547,143.5796548636547,143.5796548636547,18.220768383712524,False,True,dq_log10_variance,0,False,False,5
b1c20,Batch 1,5.4C(80%)-5.4C,IR_invalid:1,Train (Batch 1 CV),534.0,682.1997290117291,148.19972901172912,148.19972901172912,27.75275824189684,False,True,"dq_log10_variance, QDischarge_delta_100_2, chargetime_median_2_100",0,True,False,5
b1c21,Batch 1,5.4C(80%)-5.4C,IR_invalid:1,Train (Batch 1 CV),559.0,682.1997290117291,123.19972901172912,123.19972901172912,22.03930751551505,False,True,"dq_log10_variance, QDischarge_delta_100_2, chargetime_median_2_100",0,True,False,5
b1c32,Batch 1,6C(60%)-3C,ok,Train (Batch 1 CV),731.0,682.1997290117291,-48.80027098827088,48.80027098827088,6.675823664606139,False,False,,0,False,False,5
b1c33,Batch 1,6C(60%)-3C,ok,Train (Batch 1 CV),757.0,682.3680623450625,-74.63193765493747,74.63193765493747,9.858908540942863,False,False,,0,False,False,5
